コメント,No,上場馬名,性,生月日,毛色,父,母,母の父,販売者,販売者カナ,飼養者
"No.0
タヌキの2021
牡　1/1生　ぶち毛
父：ホンドタヌキのオス
母：エゾタヌキのメス
母父：老タヌキ
販売者：たぬき動物園",0,タヌキの2021,牡,1/1,ぶち,ホンドタヌキのオス,エゾタヌキのメス,老タヌキ,たぬき動物園,タヌキドウブツエン,たぬき動物園
"No.1
サマーハの2021
牡　3/3生　鹿毛
父：リアルスティール
母：サマーハ
母父：Singspiel
販売者：(有)ノーザンレーシング",1,サマーハの2021,牡,3/3,鹿,リアルスティール,サマーハ,Singspiel,(有)ノーザンレーシング,ノーザンレーシング,ノーザンファームYearling
"No.2
シンハディーパの2021
牡　3/10生　栗毛
父：レイデオロ
母：シンハディーパ
母父：ウォーエンブレム
販売者：(有)ノーザンレーシング",2,シンハディーパの2021,牡,3/10,栗,レイデオロ,シンハディーパ,ウォーエンブレム,(有)ノーザンレーシング,ノーザンレーシング,ノーザンファームYearling
"No.3
ランニングボブキャッツの2021
めす　2/6生　鹿毛
父：ドレフォン
母：ランニングボブキャッツ
母父：Running Stag
販売者：ノーザンファーム",3,ランニングボブキャッツの2021,めす,2/6,鹿,ドレフォン,ランニングボブキャッツ,Running Stag,ノーザンファーム,ノーザンファーム,ノーザンファームYearling
"No.4
ティファニーズオナーの2021
牡　1/21生　黒鹿毛
父：キズナ
母：ティファニーズオナー
母父：Street Cry
販売者：ノーザンファーム",4,ティファニーズオナーの2021,牡,1/21,黒鹿,キズナ,ティファニーズオナー,Street Cry,ノーザンファーム,ノーザンファーム,ノーザンファームYearling
"No.5
オーロラエンブレムの2021
めす　3/28生　鹿毛
父：ハービンジャー
母：オーロラエンブレム
母父：ディープインパクト
販売者：(有)ノーザンレーシング",5,オーロラエンブレムの2021,めす,3/28,鹿,ハービンジャー,オーロラエンブレム,ディープインパクト,(有)ノーザンレーシング,ノーザンレーシング,ノーザンファームYearling
"No.6
ジャドールの2021
牡　4/14生　青鹿毛
父：ブリックスアンドモルタル
母：ジャドール
母父：フジキセキ
販売者：社台ファーム",6,ジャドールの2021,牡,4/14,青鹿,ブリックスアンドモルタル,ジャドール,フジキセキ,社台ファーム,シャダイファーム,社台ファーム
"No.7
レディマカパの2021
牡　3/17生　鹿毛
父：ダイワメジャー
母：レディマカパ
母父：Equiano
販売者：追分ファーム",7,レディマカパの2021,牡,3/17,鹿,ダイワメジャー,レディマカパ,Equiano,追分ファーム,オイワケファーム,追分ファーム　リリーバレー
"No.8
メジロシャレードの2021
牡　3/2生　黒鹿毛
父：ルーラーシップ
母：メジロシャレード
母父：マンハッタンカフェ
販売者：(株)レイクヴィラファーム",8,メジロシャレードの2021,牡,3/2,黒鹿,ルーラーシップ,メジロシャレード,マンハッタンカフェ,(株)レイクヴィラファーム,レイクヴィラファーム,ノーザンファームYearling
"No.9
アウェイクの2021
牡　2/26生　鹿毛
父：エピファネイア
母：アウェイク
母父：ディープインパクト
販売者：(有)ノーザンレーシング",9,アウェイクの2021,牡,2/26,鹿,エピファネイア,アウェイク,ディープインパクト,(有)ノーザンレーシング,ノーザンレーシング,ノーザンファームYearling
"No.10
エミーズパラダイスの2021
めす　3/31生　鹿毛
父：ミッキーアイル
母：エミーズパラダイス
母父：フサイチコンコルド
販売者：社台ファーム",10,エミーズパラダイスの2021,めす,3/31,鹿,ミッキーアイル,エミーズパラダイス,フサイチコンコルド,社台ファーム,シャダイファーム,社台ファーム
"No.11
ウィープノーモアの2021
牡　2/7生　鹿毛
父：ドゥラメンテ
母：ウィープノーモア
母父：Mineshaft
販売者：ノーザンファーム",11,ウィープノーモアの2021,牡,2/7,鹿,ドゥラメンテ,ウィープノーモア,Mineshaft,ノーザンファーム,ノーザンファーム,ノーザンファームYearling
"No.12
欠場
　生　毛
父：
母：
母父：
販売者：",12,欠場,,,,,,,,,
"No.13
ナレラの2021
牡　4/9生　芦毛
父：イスラボニータ
母：ナレラ
母父：Reliable Man
販売者：社台ファーム",13,ナレラの2021,牡,4/9,芦,イスラボニータ,ナレラ,Reliable Man,社台ファーム,シャダイファーム,社台ファーム
"No.14
リリーズキャンドルの2021
めす　4/8生　芦毛
父：ロードカナロア
母：リリーズキャンドル
母父：Style Vendome
販売者：(有)ノーザンレーシング",14,リリーズキャンドルの2021,めす,4/8,芦,ロードカナロア,リリーズキャンドル,Style Vendome,(有)ノーザンレーシング,ノーザンレーシング,ノーザンファームYearling
"No.15
キトゥンズダンプリングスの2021
牡　4/23生　黒鹿毛
父：キズナ
母：キトゥンズダンプリングス
母父：Kitten's Joy
販売者：社台ファーム",15,キトゥンズダンプリングスの2021,牡,4/23,黒鹿,キズナ,キトゥンズダンプリングス,Kitten's Joy,社台ファーム,シャダイファーム,(有)社台コーポレーション白老ファームYearling
"No.16
ウイングステルスの2021
牡　4/20生　鹿毛
父：サトノダイヤモンド
母：ウイングステルス
母父：Hawk Wing
販売者：(有)ノーザンレーシング",16,ウイングステルスの2021,牡,4/20,鹿,サトノダイヤモンド,ウイングステルス,Hawk Wing,(有)ノーザンレーシング,ノーザンレーシング,ノーザンファームYearling
"No.17
モナリザの2021
めす　2/15生　栗毛
父：ドレフォン
母：モナリザ
母父：Giant's Causeway
販売者：(株)チャンピオンズファーム",17,モナリザの2021,めす,2/15,栗,ドレフォン,モナリザ,Giant's Causeway,(株)チャンピオンズファーム,チャンピオンズファーム,(株)チャンピオンズファーム
"No.18
メジロマリアンの2021
牡　4/11生　鹿毛
父：レイデオロ
母：メジロマリアン
母父：メジロベイリー
販売者：(株)レイクヴィラファーム",18,メジロマリアンの2021,牡,4/11,鹿,レイデオロ,メジロマリアン,メジロベイリー,(株)レイクヴィラファーム,レイクヴィラファーム,ノーザンファームYearling
"No.19
トゥリフォーの2021
めす　2/16生　鹿毛
父：モーリス
母：トゥリフォー
母父：Frankel
販売者：(有)ノーザンレーシング",19,トゥリフォーの2021,めす,2/16,鹿,モーリス,トゥリフォー,Frankel,(有)ノーザンレーシング,ノーザンレーシング,ノーザンファームYearling
"No.20
ノットオーソリティの2021
牡　5/20生　芦毛
父：パイロ
母：ノットオーソリティ
母父：スウェプトオーヴァーボード
販売者：社台ファーム",20,ノットオーソリティの2021,牡,5/20,芦,パイロ,ノットオーソリティ,スウェプトオーヴァーボード,社台ファーム,シャダイファーム,社台ファーム
"No.21
スピードリッパーの2021
牡　3/10生　鹿毛
父：ルーラーシップ
母：スピードリッパー
母父：ファルブラヴ
販売者：ノーザンファーム",21,スピードリッパーの2021,牡,3/10,鹿,ルーラーシップ,スピードリッパー,ファルブラヴ,ノーザンファーム,ノーザンファーム,ノーザンファームYearling
"No.22
チョコレートバインの2021
めす　5/1生　栗毛
父：ドゥラメンテ
母：チョコレートバイン
母父：ディープインパクト
販売者：社台ファーム",22,チョコレートバインの2021,めす,5/1,栗,ドゥラメンテ,チョコレートバイン,ディープインパクト,社台ファーム,シャダイファーム,社台ファーム
"No.23
ジェットセッティングの2021
牡　5/10生　栗毛
父：Frankel
母：ジェットセッティング
母父：Fast Company
販売者：(有)ノーザンレーシング",23,ジェットセッティングの2021,牡,5/10,栗,Frankel,ジェットセッティング,Fast Company,(有)ノーザンレーシング,ノーザンレーシング,ノーザンファームYearling
"No.24
レッドリヴェールの2021
牡　2/23生　鹿毛
父：モーリス
母：レッドリヴェール
母父：ステイゴールド
販売者：社台ファーム",24,レッドリヴェールの2021,牡,2/23,鹿,モーリス,レッドリヴェール,ステイゴールド,社台ファーム,シャダイファーム,社台ファーム
"No.25
トレジャリングの2021
めす　1/28生　鹿毛
父：リアルスティール
母：トレジャリング
母父：Havana Gold
販売者：(有)ノーザンレーシング",25,トレジャリングの2021,めす,1/28,鹿,リアルスティール,トレジャリング,Havana Gold,(有)ノーザンレーシング,ノーザンレーシング,ノーザンファームYearling
"No.26
オメガフレグランスの2021
牡　6/7生　鹿毛
父：エピファネイア
母：オメガフレグランス
母父：ゴールドアリュール
販売者：岡田スタッド",26,オメガフレグランスの2021,牡,6/7,鹿,エピファネイア,オメガフレグランス,ゴールドアリュール,岡田スタッド,オカダスタッド,岡田スタッド
"No.27
カトマンブルーの2021
めす　4/28生　青鹿毛
父：キタサンブラック
母：カトマンブルー
母父：Bluegrass Cat
販売者：社台ファーム",27,カトマンブルーの2021,めす,4/28,青鹿,キタサンブラック,カトマンブルー,Bluegrass Cat,社台ファーム,シャダイファーム,社台ファーム
"No.28
メジロジェニファーの2021
牡　3/11生　鹿毛
父：ダイワメジャー
母：メジロジェニファー
母父：ホワイトマズル
販売者：(株)レイクヴィラファーム",28,メジロジェニファーの2021,牡,3/11,鹿,ダイワメジャー,メジロジェニファー,ホワイトマズル,(株)レイクヴィラファーム,レイクヴィラファーム,ノーザンファームYearling
"No.29
リミニの2021
牡　1/27生　鹿毛
父：ドレフォン
母：リミニ
母父：ディープインパクト
販売者：(有)ノーザンレーシング",29,リミニの2021,牡,1/27,鹿,ドレフォン,リミニ,ディープインパクト,(有)ノーザンレーシング,ノーザンレーシング,ノーザンファームYearling
"No.30
ノッテビアンカの2021
牡　2/5生　栗毛
父：ゴールドシップ
母：ノッテビアンカ
母父：Kendargent
販売者：社台ファーム",30,ノッテビアンカの2021,牡,2/5,栗,ゴールドシップ,ノッテビアンカ,Kendargent,社台ファーム,シャダイファーム,社台ファーム
"No.31
ベルアリュールⅡの2021
めす　3/1生　栗毛
父：スワーヴリチャード
母：ベルアリュールⅡ
母父：Numerous
販売者：ノーザンファーム",31,ベルアリュールⅡの2021,めす,3/1,栗,スワーヴリチャード,ベルアリュールⅡ,Numerous,ノーザンファーム,ノーザンファーム,ノーザンファームYearling
"No.32
サボールアトリウンフォの2021
牡　2/14生　黒鹿毛
父：キズナ
母：サボールアトリウンフォ
母父：Dance Brightly
販売者：社台ファーム",32,サボールアトリウンフォの2021,牡,2/14,黒鹿,キズナ,サボールアトリウンフォ,Dance Brightly,社台ファーム,シャダイファーム,社台ファーム
"No.33
ケンジントンⅡの2021
めす　3/28生　黒鹿毛
父：ドレフォン
母：ケンジントンⅡ
母父：Kitten's Joy
販売者：(有)浜本牧場（共有代表）",33,ケンジントンⅡの2021,めす,3/28,黒鹿,ドレフォン,ケンジントンⅡ,Kitten's Joy,(有)浜本牧場（共有代表）,ハマモトボクジョウ,カルペディエム　メイド
"No.34
フォースタークルックの2021
牡　3/23生　栗毛
父：ドゥラメンテ
母：フォースタークルック
母父：Freud
販売者：(有)ノーザンレーシング",34,フォースタークルックの2021,牡,3/23,栗,ドゥラメンテ,フォースタークルック,Freud,(有)ノーザンレーシング,ノーザンレーシング,ノーザンファームYearling
"No.35
オメガセニョリーナの2021
めす　4/25生　鹿毛
父：エピファネイア
母：オメガセニョリーナ
母父：アグネスタキオン
販売者：社台ファーム",35,オメガセニョリーナの2021,めす,4/25,鹿,エピファネイア,オメガセニョリーナ,アグネスタキオン,社台ファーム,シャダイファーム,社台ファーム
"No.36
ウィキッドリーパーフェクトの2021
牡　4/13生　芦毛
父：サトノダイヤモンド
母：ウィキッドリーパーフェクト
母父：Congrats
販売者：ノーザンファーム",36,ウィキッドリーパーフェクトの2021,牡,4/13,芦,サトノダイヤモンド,ウィキッドリーパーフェクト,Congrats,ノーザンファーム,ノーザンファーム,ノーザンファームYearling
"No.37
レーヌドブリエの2021
めす　3/10生　黒鹿毛
父：ブリックスアンドモルタル
母：レーヌドブリエ
母父：ゼンノロブロイ
販売者：(株)レイクヴィラファーム",37,レーヌドブリエの2021,めす,3/10,黒鹿,ブリックスアンドモルタル,レーヌドブリエ,ゼンノロブロイ,(株)レイクヴィラファーム,レイクヴィラファーム,ノーザンファームYearling
"No.38
マーガレットメドウの2021
牡　3/8生　鹿毛
父：リアルスティール
母：マーガレットメドウ
母父：Distorted Humor
販売者：(有)千代田牧場",38,マーガレットメドウの2021,牡,3/8,鹿,リアルスティール,マーガレットメドウ,Distorted Humor,(有)千代田牧場,チヨダボクジョウ,(有)千代田牧場
"No.39
ティロレスカの2021
めす　2/12生　黒鹿毛
父：キズナ
母：ティロレスカ
母父：Roman Ruler
販売者：(有)ノーザンレーシング",39,ティロレスカの2021,めす,2/12,黒鹿,キズナ,ティロレスカ,Roman Ruler,(有)ノーザンレーシング,ノーザンレーシング,ノーザンファームYearling
"No.40
ジュエルオブナイルの2021
牡　2/9生　黒鹿毛
父：ニューイヤーズデイ
母：ジュエルオブナイル
母父：デュランダル
販売者：社台ファーム",40,ジュエルオブナイルの2021,牡,2/9,黒鹿,ニューイヤーズデイ,ジュエルオブナイル,デュランダル,社台ファーム,シャダイファーム,(有)社台コーポレーション白老ファームYearling
"No.41
コンクエストハーラネイトの2021
めす　5/1生　栗毛
父：レイデオロ
母：コンクエストハーラネイト
母父：Harlan's Holiday
販売者：(有)下河辺牧場",41,コンクエストハーラネイトの2021,めす,5/1,栗,レイデオロ,コンクエストハーラネイト,Harlan's Holiday,(有)下河辺牧場,シモコウベボクジョウ,(有)下河辺牧場
"No.42
インクルードベティの2021
牡　1/23生　黒鹿毛
父：ハーツクライ
母：インクルードベティ
母父：Include
販売者：(有)ノーザンレーシング",42,インクルードベティの2021,牡,1/23,黒鹿,ハーツクライ,インクルードベティ,Include,(有)ノーザンレーシング,ノーザンレーシング,ノーザンファームYearling
"No.43
アルティマチャームの2021
牡　4/24生　鹿毛
父：スワーヴリチャード
母：アルティマチャーム
母父：キングカメハメハ
販売者：社台ファーム",43,アルティマチャームの2021,牡,4/24,鹿,スワーヴリチャード,アルティマチャーム,キングカメハメハ,社台ファーム,シャダイファーム,(有)社台コーポレーション白老ファームYearling
"No.44
ラシンティランテの2021
めす　1/29生　鹿毛
父：エピファネイア
母：ラシンティランテ
母父：アグネスタキオン
販売者：(有)ノーザンレーシング",44,ラシンティランテの2021,めす,1/29,鹿,エピファネイア,ラシンティランテ,アグネスタキオン,(有)ノーザンレーシング,ノーザンレーシング,ノーザンファームYearling
"No.45
セータコローナの2021
めす　4/12生　栗毛
父：ダイワメジャー
母：セータコローナ
母父：Distorted Humor
販売者：社台ファーム",45,セータコローナの2021,めす,4/12,栗,ダイワメジャー,セータコローナ,Distorted Humor,社台ファーム,シャダイファーム,社台ファーム
"No.46
ラルケットの2021
牡　1/21生　黒鹿毛
父：レイデオロ
母：ラルケット
母父：ファルブラヴ
販売者：ノーザンファーム",46,ラルケットの2021,牡,1/21,黒鹿,レイデオロ,ラルケット,ファルブラヴ,ノーザンファーム,ノーザンファーム,ノーザンファームYearling
"No.47
スパニッシュクイーンの2021
牡　2/1生　青鹿毛
父：ハーツクライ
母：スパニッシュクイーン
母父：Tribal Rule
販売者：追分ファーム",47,スパニッシュクイーンの2021,牡,2/1,青鹿,ハーツクライ,スパニッシュクイーン,Tribal Rule,追分ファーム,オイワケファーム,追分ファーム　リリーバレー
"No.48
メジロスプレンダーの2021
めす　1/18生　黒鹿毛
父：キズナ
母：メジロスプレンダー
母父：シンボリクリスエス
販売者：(株)レイクヴィラファーム",48,メジロスプレンダーの2021,めす,1/18,黒鹿,キズナ,メジロスプレンダー,シンボリクリスエス,(株)レイクヴィラファーム,レイクヴィラファーム,ノーザンファームYearling
"No.49
フォエヴァーダーリングの2021
牡　2/24生　鹿毛
父：リアルスティール
母：フォエヴァーダーリング
母父：Congrats
販売者：(有)ノーザンレーシング",49,フォエヴァーダーリングの2021,牡,2/24,鹿,リアルスティール,フォエヴァーダーリング,Congrats,(有)ノーザンレーシング,ノーザンレーシング,ノーザンファームYearling
"No.50
オータムフラワーの2021
牡　3/1生　鹿毛
父：オルフェーヴル
母：オータムフラワー
母父：Flower Alley
販売者：社台ファーム",50,オータムフラワーの2021,牡,3/1,鹿,オルフェーヴル,オータムフラワー,Flower Alley,社台ファーム,シャダイファーム,社台ファーム
"No.51
欠場
　生　毛
父：
母：
母父：
販売者：",51,欠場,,,,,,,,,
"No.52
ルモスティの2021
めす　4/18生　鹿毛
父：ロードカナロア
母：ルモスティ
母父：Fastnet Rock
販売者：(有)ノーザンレーシング",52,ルモスティの2021,めす,4/18,鹿,ロードカナロア,ルモスティ,Fastnet Rock,(有)ノーザンレーシング,ノーザンレーシング,ノーザンファームYearling
"No.53
アンバーミニーの2021
牡　4/25生　鹿毛
父：マインドユアビスケッツ
母：アンバーミニー
母父：ダイワメジャー
販売者：社台ファーム",53,アンバーミニーの2021,牡,4/25,鹿,マインドユアビスケッツ,アンバーミニー,ダイワメジャー,社台ファーム,シャダイファーム,(有)社台コーポレーション白老ファームYearling
"No.54
ペイヴドの2021
牡　2/11生　黒鹿毛
父：キズナ
母：ペイヴド
母父：Quality Road
販売者：(株)ハクレイファーム",54,ペイヴドの2021,牡,2/11,黒鹿,キズナ,ペイヴド,Quality Road,(株)ハクレイファーム,ハクレイファーム,(株)ハクレイファーム
"No.55
ホームカミングクイーンの2021
牡　4/7生　鹿毛
父：モーリス
母：ホームカミングクイーン
母父：Holy Roman Emperor
販売者：(有)ノーザンレーシング",55,ホームカミングクイーンの2021,牡,4/7,鹿,モーリス,ホームカミングクイーン,Holy Roman Emperor,(有)ノーザンレーシング,ノーザンレーシング,ノーザンファームYearling
"No.56
ビーチパラソルの2021
めす　3/5生　芦毛
父：ハービンジャー
母：ビーチパラソル
母父：ダイワメジャー
販売者：社台ファーム",56,ビーチパラソルの2021,めす,3/5,芦,ハービンジャー,ビーチパラソル,ダイワメジャー,社台ファーム,シャダイファーム,社台ファーム
"No.57
アルズギャルの2021
牡　3/11生　栗毛
父：カリフォルニアクローム
母：アルズギャル
母父：English Channel
販売者：(株)コスモビューティー",57,アルズギャルの2021,牡,3/11,栗,カリフォルニアクローム,アルズギャル,English Channel,(株)コスモビューティー,コスモビューティー,(有)目名共同トレーニングセンター
"No.58
コーステッドの2021
めす　1/19生　鹿毛
父：ダイワメジャー
母：コーステッド
母父：Tizway
販売者：ノーザンファーム",58,コーステッドの2021,めす,1/19,鹿,ダイワメジャー,コーステッド,Tizway,ノーザンファーム,ノーザンファーム,ノーザンファームYearling
"No.59
ピースオブラヴの2021
牡　3/26生　黒鹿毛
父：エピファネイア
母：ピースオブラヴ
母父：マイネルラヴ
販売者：(株)チャンピオンズファーム",59,ピースオブラヴの2021,牡,3/26,黒鹿,エピファネイア,ピースオブラヴ,マイネルラヴ,(株)チャンピオンズファーム,チャンピオンズファーム,(株)チャンピオンズファーム
"No.60
マイミスリリーの2021
めす　2/24生　芦毛
父：ロードカナロア
母：マイミスリリー
母父：Tapit
販売者：(株)レイクヴィラファーム",60,マイミスリリーの2021,めす,2/24,芦,ロードカナロア,マイミスリリー,Tapit,(株)レイクヴィラファーム,レイクヴィラファーム,ノーザンファームYearling
"No.61
シャンパンルームの2021
牡　4/18生　鹿毛
父：キズナ
母：シャンパンルーム
母父：Broken Vow
販売者：(有)ノーザンレーシング",61,シャンパンルームの2021,牡,4/18,鹿,キズナ,シャンパンルーム,Broken Vow,(有)ノーザンレーシング,ノーザンレーシング,ノーザンファームYearling
"No.62
ダンスアミーガの2021
牡　4/8生　鹿毛
父：ロードカナロア
母：ダンスアミーガ
母父：サクラバクシンオー
販売者：社台ファーム",62,ダンスアミーガの2021,牡,4/8,鹿,ロードカナロア,ダンスアミーガ,サクラバクシンオー,社台ファーム,シャダイファーム,社台ファーム
"No.63
シーヴの2021
牡　1/3生　鹿毛
父：ドゥラメンテ
母：シーヴ
母父：Mineshaft
販売者：(有)ノーザンレーシング",63,シーヴの2021,牡,1/3,鹿,ドゥラメンテ,シーヴ,Mineshaft,(有)ノーザンレーシング,ノーザンレーシング,ノーザンファームYearling
"No.64
アレイヴィングビューティの2021
牡　2/16生　鹿毛
父：ハーツクライ
母：アレイヴィングビューティ
母父：Mastercraftsman
販売者：追分ファーム",64,アレイヴィングビューティの2021,牡,2/16,鹿,ハーツクライ,アレイヴィングビューティ,Mastercraftsman,追分ファーム,オイワケファーム,追分ファーム　リリーバレー
"No.65
ランドオーバーシーの2021
牡　4/14生　鹿毛
父：キタサンブラック
母：ランドオーバーシー
母父：Bellamy Road
販売者：社台ファーム",65,ランドオーバーシーの2021,牡,4/14,鹿,キタサンブラック,ランドオーバーシー,Bellamy Road,社台ファーム,シャダイファーム,社台ファーム
"No.66
マハーバーラタの2021
めす　1/26生　鹿毛
父：エピファネイア
母：マハーバーラタ
母父：ディープインパクト
販売者：(有)ノーザンレーシング",66,マハーバーラタの2021,めす,1/26,鹿,エピファネイア,マハーバーラタ,ディープインパクト,(有)ノーザンレーシング,ノーザンレーシング,ノーザンファームYearling
"No.67
ジュリーハーツの2021
牡　4/9生　鹿毛
父：ドレフォン
母：ジュリーハーツ
母父：ハーツクライ
販売者：岡田スタッド",67,ジュリーハーツの2021,牡,4/9,鹿,ドレフォン,ジュリーハーツ,ハーツクライ,岡田スタッド,オカダスタッド,岡田スタッド
"No.68
ハラペーニョペパーの2021
めす　3/31生　芦毛
父：ニューイヤーズデイ
母：ハラペーニョペパー
母父：ゼンノロブロイ
販売者：社台ファーム",68,ハラペーニョペパーの2021,めす,3/31,芦,ニューイヤーズデイ,ハラペーニョペパー,ゼンノロブロイ,社台ファーム,シャダイファーム,社台ファーム
"No.69
スカイフの2021
牡　4/19生　鹿毛
父：スワーヴリチャード
母：スカイフ
母父：Siyouni
販売者：(有)ノーザンレーシング",69,スカイフの2021,牡,4/19,鹿,スワーヴリチャード,スカイフ,Siyouni,(有)ノーザンレーシング,ノーザンレーシング,ノーザンファームYearling
"No.70
サマーソワレの2021
牡　5/21生　鹿毛
父：キズナ
母：サマーソワレ
母父：War Front
販売者：(有)千代田牧場",70,サマーソワレの2021,牡,5/21,鹿,キズナ,サマーソワレ,War Front,(有)千代田牧場,チヨダボクジョウ,(有)千代田牧場
"No.71
デックドアウトの2021
牡　2/11生　栗毛
父：ドゥラメンテ
母：デックドアウト
母父：Street Boss
販売者：(株)レイクヴィラファーム",71,デックドアウトの2021,牡,2/11,栗,ドゥラメンテ,デックドアウト,Street Boss,(株)レイクヴィラファーム,レイクヴィラファーム,ノーザンファームYearling
"No.72
マルシアーノの2021
めす　3/2生　青鹿毛
父：レイデオロ
母：マルシアーノ
母父：フジキセキ
販売者：(有)ノーザンレーシング",72,マルシアーノの2021,めす,3/2,青鹿,レイデオロ,マルシアーノ,フジキセキ,(有)ノーザンレーシング,ノーザンレーシング,ノーザンファームYearling
"No.73
ユッカマウンテンの2021
牡　4/17生　栗毛
父：エピファネイア
母：ユッカマウンテン
母父：アグネスタキオン
販売者：社台ファーム",73,ユッカマウンテンの2021,牡,4/17,栗,エピファネイア,ユッカマウンテン,アグネスタキオン,社台ファーム,シャダイファーム,(有)社台コーポレーション白老ファームYearling
"No.74
オーロトラジェの2021
牡　2/24生　栗毛
父：ブリックスアンドモルタル
母：オーロトラジェ
母父：オルフェーヴル
販売者：吉田 俊介",74,オーロトラジェの2021,牡,2/24,栗,ブリックスアンドモルタル,オーロトラジェ,オルフェーヴル,吉田 俊介,ヨシダシュンスケ,ノーザンファームYearling
"No.75
ダヌスカズマイガールの2021
牡　4/17生　栗毛
父：ジャスタウェイ
母：ダヌスカズマイガール
母父：Shackleford
販売者：社台ファーム",75,ダヌスカズマイガールの2021,牡,4/17,栗,ジャスタウェイ,ダヌスカズマイガール,Shackleford,社台ファーム,シャダイファーム,社台ファーム
"No.76
モシーンの2021
牡　2/26生　鹿毛
父：モーリス
母：モシーン
母父：Fastnet Rock
販売者：(有)ノーザンレーシング",76,モシーンの2021,牡,2/26,鹿,モーリス,モシーン,Fastnet Rock,(有)ノーザンレーシング,ノーザンレーシング,ノーザンファームYearling
"No.77
フォークレジェンドの2021
めす　4/9生　鹿毛
父：Yoshida
母：フォークレジェンド
母父：Tapizar
販売者：ＫＲジャパン",77,フォークレジェンドの2021,めす,4/9,鹿,Yoshida,フォークレジェンド,Tapizar,ＫＲジャパン,ケーアールジャパン,(有)浦河育成センター
"No.78
ヴィラの2021
牡　4/26生　鹿毛
父：ニューイヤーズデイ
母：ヴィラ
母父：ディープインパクト
販売者：(株)エクワインレーシング",78,ヴィラの2021,牡,4/26,鹿,ニューイヤーズデイ,ヴィラ,ディープインパクト,(株)エクワインレーシング,エクワインレーシング,ノーザンファームYearling
"No.79
ジペッサの2021
牡　4/25生　鹿毛
父：イスラボニータ
母：ジペッサ
母父：City Zip
販売者：社台ファーム",79,ジペッサの2021,牡,4/25,鹿,イスラボニータ,ジペッサ,City Zip,社台ファーム,シャダイファーム,社台ファーム
"No.80
プラウドスペルの2021
めす　3/20生　鹿毛
父：リアルスティール
母：プラウドスペル
母父：Proud Citizen
販売者：(有)ノーザンレーシング",80,プラウドスペルの2021,めす,3/20,鹿,リアルスティール,プラウドスペル,Proud Citizen,(有)ノーザンレーシング,ノーザンレーシング,ノーザンファームYearling
"No.81
パンデリングの2021
めす　3/13生　黒鹿毛
父：エピファネイア
母：パンデリング
母父：キングカメハメハ
販売者：(株)レイクヴィラファーム",81,パンデリングの2021,めす,3/13,黒鹿,エピファネイア,パンデリング,キングカメハメハ,(株)レイクヴィラファーム,レイクヴィラファーム,ノーザンファームYearling
"No.82
ドントテルソフィアの2021
牡　4/6生　鹿毛
父：ロードカナロア
母：ドントテルソフィア
母父：Congaree
販売者：(有)ノーザンレーシング",82,ドントテルソフィアの2021,牡,4/6,鹿,ロードカナロア,ドントテルソフィア,Congaree,(有)ノーザンレーシング,ノーザンレーシング,ノーザンファームYearling
"No.83
エアシンフォニーの2021
牡　3/5生　黒鹿毛
父：キズナ
母：エアシンフォニー
母父：ルーラーシップ
販売者：社台ファーム（共有代表）",83,エアシンフォニーの2021,牡,3/5,黒鹿,キズナ,エアシンフォニー,ルーラーシップ,社台ファーム（共有代表）,シャダイファームキョウユウダイヒョウ,社台ファーム
"No.84
ペルヴィアンリリーの2021
めす　4/5生　鹿毛
父：サトノダイヤモンド
母：ペルヴィアンリリー
母父：フレンチデピュティ
販売者：ノーザンファーム",84,ペルヴィアンリリーの2021,めす,4/5,鹿,サトノダイヤモンド,ペルヴィアンリリー,フレンチデピュティ,ノーザンファーム,ノーザンファーム,ノーザンファームYearling
"No.85
クィーンスプマンテの2021
牡　2/19生　栗毛
父：エピファネイア
母：クィーンスプマンテ
母父：ジャングルポケット
販売者：社台ファーム",85,クィーンスプマンテの2021,牡,2/19,栗,エピファネイア,クィーンスプマンテ,ジャングルポケット,社台ファーム,シャダイファーム,社台ファーム
"No.86
ビービーバーレルの2021
牡　3/6生　青鹿毛
父：リオンディーズ
母：ビービーバーレル
母父：パイロ
販売者：(有)坂東牧場",86,ビービーバーレルの2021,牡,3/6,青鹿,リオンディーズ,ビービーバーレル,パイロ,(有)坂東牧場,バンドウボクジョウ,(有)坂東牧場
"No.87
アルビアーノの2021
牡　3/25生　鹿毛
父：キズナ
母：アルビアーノ
母父：Harlan's Holiday
販売者：(有)ノーザンレーシング",87,アルビアーノの2021,牡,3/25,鹿,キズナ,アルビアーノ,Harlan's Holiday,(有)ノーザンレーシング,ノーザンレーシング,ノーザンファームYearling
"No.88
ベイトゥベイの2021
牡　4/27生　栗毛
父：ダイワメジャー
母：ベイトゥベイ
母父：Sligo Bay
販売者：社台ファーム",88,ベイトゥベイの2021,牡,4/27,栗,ダイワメジャー,ベイトゥベイ,Sligo Bay,社台ファーム,シャダイファーム,(有)社台コーポレーション白老ファームYearling
"No.89
パンデイアの2021
めす　2/2生　鹿毛
父：ドレフォン
母：パンデイア
母父：ディープインパクト
販売者：ノーザンファーム",89,パンデイアの2021,めす,2/2,鹿,ドレフォン,パンデイア,ディープインパクト,ノーザンファーム,ノーザンファーム,ノーザンファームYearling
"No.90
グレナディーンの2021
牡　5/7生　青鹿毛
父：ドゥラメンテ
母：グレナディーン
母父：スペシャルウィーク
販売者：社台ファーム",90,グレナディーンの2021,牡,5/7,青鹿,ドゥラメンテ,グレナディーン,スペシャルウィーク,社台ファーム,シャダイファーム,社台ファーム
"No.91
レッドティーの2021
牡　4/1生　鹿毛
父：Saxon Warrior
母：レッドティー
母父：Sakhee
販売者：(有)ノーザンレーシング",91,レッドティーの2021,牡,4/1,鹿,Saxon Warrior,レッドティー,Sakhee,(有)ノーザンレーシング,ノーザンレーシング,ノーザンファームYearling
"No.92
ダンサーデスティネイションの2021
牡　2/15生　鹿毛
父：ロードカナロア
母：ダンサーデスティネイション
母父：Dubai Destination
販売者：社台ファーム",92,ダンサーデスティネイションの2021,牡,2/15,鹿,ロードカナロア,ダンサーデスティネイション,Dubai Destination,社台ファーム,シャダイファーム,社台ファーム
"No.93
メチャコルタの2021
めす　1/18生　鹿毛
父：モーリス
母：メチャコルタ
母父：El Corredor
販売者：ノーザンファーム",93,メチャコルタの2021,めす,1/18,鹿,モーリス,メチャコルタ,El Corredor,ノーザンファーム,ノーザンファーム,ノーザンファームYearling
"No.94
マルケサの2021
牡　4/30生　青鹿毛
父：エピファネイア
母：マルケサ
母父：Kingmambo
販売者：(株)タイヘイ牧場",94,マルケサの2021,牡,4/30,青鹿,エピファネイア,マルケサ,Kingmambo,(株)タイヘイ牧場,タイヘイボクジョウ,(株)タイヘイ牧場
"No.95
ガールズバンドの2021
牡　2/24生　鹿毛
父：レイデオロ
母：ガールズバンド
母父：ディープインパクト
販売者：社台ファーム",95,ガールズバンドの2021,牡,2/24,鹿,レイデオロ,ガールズバンド,ディープインパクト,社台ファーム,シャダイファーム,社台ファーム
"No.96
ジェイウォークの2021
牡　2/9生　栗毛
父：ドゥラメンテ
母：ジェイウォーク
母父：Cross Traffic
販売者：(有)ノーザンレーシング",96,ジェイウォークの2021,牡,2/9,栗,ドゥラメンテ,ジェイウォーク,Cross Traffic,(有)ノーザンレーシング,ノーザンレーシング,ノーザンファームYearling
"No.97
タミーザトルピードの2021
牡　4/1生　青鹿毛
父：キズナ
母：タミーザトルピード
母父：More Than Ready
販売者：(有)千代田牧場",97,タミーザトルピードの2021,牡,4/1,青鹿,キズナ,タミーザトルピード,More Than Ready,(有)千代田牧場,チヨダボクジョウ,(有)千代田牧場
"No.98
ファタルベーレの2021
牡　4/8生　黒鹿毛
父：ハーツクライ
母：ファタルベーレ
母父：Pedro the Great
販売者：社台ファーム",98,ファタルベーレの2021,牡,4/8,黒鹿,ハーツクライ,ファタルベーレ,Pedro the Great,社台ファーム,シャダイファーム,社台ファーム
"No.99
スターズアンドクラウズの2021
めす　3/25生　鹿毛
父：リアルスティール
母：スターズアンドクラウズ
母父：マクフィ
販売者：(有)ノーザンレーシング",99,スターズアンドクラウズの2021,めす,3/25,鹿,リアルスティール,スターズアンドクラウズ,マクフィ,(有)ノーザンレーシング,ノーザンレーシング,ノーザンファームYearling
"No.100
アイヴィベルの2021
牡　2/15生　鹿毛
父：レイデオロ
母：アイヴィベル
母父：Archarcharch
販売者：(株)レイクヴィラファーム",100,アイヴィベルの2021,牡,2/15,鹿,レイデオロ,アイヴィベル,Archarcharch,(株)レイクヴィラファーム,レイクヴィラファーム,ノーザンファームYearling
"No.101
ネックレスの2021
めす　3/16生　黒鹿毛
父：ドゥラメンテ
母：ネックレス
母父：Darshaan
販売者：(株)チャンピオンズファーム",101,ネックレスの2021,めす,3/16,黒鹿,ドゥラメンテ,ネックレス,Darshaan,(株)チャンピオンズファーム,チャンピオンズファーム,(株)チャンピオンズファーム
"No.102
レッドジゼルの2021
牡　3/21生　鹿毛
父：エピファネイア
母：レッドジゼル
母父：アグネスタキオン
販売者：ノーザンファーム",102,レッドジゼルの2021,牡,3/21,鹿,エピファネイア,レッドジゼル,アグネスタキオン,ノーザンファーム,ノーザンファーム,ノーザンファームYearling
"No.103
サイマーの2021
牡　3/16生　鹿毛
父：キズナ
母：サイマー
母父：Zoffany
販売者：追分ファーム",103,サイマーの2021,牡,3/16,鹿,キズナ,サイマー,Zoffany,追分ファーム,オイワケファーム,追分ファーム　リリーバレー
"No.104
マキシマムドパリの2021
牡　4/3生　芦毛
父：ブリックスアンドモルタル
母：マキシマムドパリ
母父：キングカメハメハ
販売者：社台ファーム",104,マキシマムドパリの2021,牡,4/3,芦,ブリックスアンドモルタル,マキシマムドパリ,キングカメハメハ,社台ファーム,シャダイファーム,社台ファーム
"No.105
ラリズの2021
めす　2/11生　青鹿毛
父：シュヴァルグラン
母：ラリズ
母父：Bernstein
販売者：(有)ノーザンレーシング",105,ラリズの2021,めす,2/11,青鹿,シュヴァルグラン,ラリズ,Bernstein,(有)ノーザンレーシング,ノーザンレーシング,ノーザンファームYearling
"No.106
シュンドルボンの2021
牡　4/15生　鹿毛
父：ロードカナロア
母：シュンドルボン
母父：ハーツクライ
販売者：(有)下河辺牧場",106,シュンドルボンの2021,牡,4/15,鹿,ロードカナロア,シュンドルボン,ハーツクライ,(有)下河辺牧場,シモコウベボクジョウ,(有)下河辺牧場
"No.107
ブロンクスシルバーの2021
牡　4/30生　鹿毛
父：エピファネイア
母：ブロンクスシルバー
母父：クロフネ
販売者：社台ファーム",107,ブロンクスシルバーの2021,牡,4/30,鹿,エピファネイア,ブロンクスシルバー,クロフネ,社台ファーム,シャダイファーム,社台ファーム
"No.108
シャンドランジュの2021
牡　2/6生　栗毛
父：レイデオロ
母：シャンドランジュ
母父：マンハッタンカフェ
販売者：ノーザンファーム",108,シャンドランジュの2021,牡,2/6,栗,レイデオロ,シャンドランジュ,マンハッタンカフェ,ノーザンファーム,ノーザンファーム,ノーザンファームYearling
"No.109
ソラリアの2021
牡　5/5生　黒鹿毛
父：キズナ
母：ソラリア
母父：Scat Daddy
販売者：社台ファーム",109,ソラリアの2021,牡,5/5,黒鹿,キズナ,ソラリア,Scat Daddy,社台ファーム,シャダイファーム,社台ファーム
"No.110
ピースアンドウォーの2021
めす　2/8生　黒鹿毛
父：ロードカナロア
母：ピースアンドウォー
母父：War Front
販売者：(有)ノーザンレーシング",110,ピースアンドウォーの2021,めす,2/8,黒鹿,ロードカナロア,ピースアンドウォー,War Front,(有)ノーザンレーシング,ノーザンレーシング,ノーザンファームYearling
"No.111
メジロツボネの2021
牡　1/31生　黒鹿毛
父：ハーツクライ
母：メジロツボネ
母父：スウェプトオーヴァーボード
販売者：(株)レイクヴィラファーム",111,メジロツボネの2021,牡,1/31,黒鹿,ハーツクライ,メジロツボネ,スウェプトオーヴァーボード,(株)レイクヴィラファーム,レイクヴィラファーム,ノーザンファームYearling
"No.112
オーサムウインドの2021
牡　1/20生　青鹿毛
父：リオンディーズ
母：オーサムウインド
母父：ディープインパクト
販売者：(有)ノーザンレーシング",112,オーサムウインドの2021,牡,1/20,青鹿,リオンディーズ,オーサムウインド,ディープインパクト,(有)ノーザンレーシング,ノーザンレーシング,ノーザンファームYearling
"No.113
レディオブフィフティの2021
牡　2/25生　鹿毛
父：ロードカナロア
母：レディオブフィフティ
母父：After Market
販売者：社台ファーム",113,レディオブフィフティの2021,牡,2/25,鹿,ロードカナロア,レディオブフィフティ,After Market,社台ファーム,シャダイファーム,社台ファーム
"No.114
ヨゾラニネガイヲの2021
めす　3/4生　栗毛
父：レイデオロ
母：ヨゾラニネガイヲ
母父：アドマイヤムーン
販売者：(有)ノーザンレーシング",114,ヨゾラニネガイヲの2021,めす,3/4,栗,レイデオロ,ヨゾラニネガイヲ,アドマイヤムーン,(有)ノーザンレーシング,ノーザンレーシング,ノーザンファームYearling
"No.115
ビーコンターンの2021
牡　4/29生　栗毛
父：エピファネイア
母：ビーコンターン
母父：Shamardal
販売者：岡田スタッド",115,ビーコンターンの2021,牡,4/29,栗,エピファネイア,ビーコンターン,Shamardal,岡田スタッド,オカダスタッド,岡田スタッド
"No.116
イマーキュレイトキャットの2021
牡　4/27生　栗毛
父：ヴィクトワールピサ
母：イマーキュレイトキャット
母父：Storm Cat
販売者：社台ファーム",116,イマーキュレイトキャットの2021,牡,4/27,栗,ヴィクトワールピサ,イマーキュレイトキャット,Storm Cat,社台ファーム,シャダイファーム,(有)社台コーポレーション白老ファームYearling
"No.117
エルディアマンテの2021
牡　2/13生　黒鹿毛
父：ブリックスアンドモルタル
母：エルディアマンテ
母父：キングカメハメハ
販売者：ノーザンファーム",117,エルディアマンテの2021,牡,2/13,黒鹿,ブリックスアンドモルタル,エルディアマンテ,キングカメハメハ,ノーザンファーム,ノーザンファーム,ノーザンファームYearling
"No.118
チカアレグレの2021
めす　4/25生　栗毛
父：ドレフォン
母：チカアレグレ
母父：ハーツクライ
販売者：社台ファーム",118,チカアレグレの2021,めす,4/25,栗,ドレフォン,チカアレグレ,ハーツクライ,社台ファーム,シャダイファーム,社台ファーム
"No.119
マニクールの2021
牡　2/5生　鹿毛
父：キズナ
母：マニクール
母父：ヘニーヒューズ
販売者：(有)千代田牧場",119,マニクールの2021,牡,2/5,鹿,キズナ,マニクール,ヘニーヒューズ,(有)千代田牧場,チヨダボクジョウ,(有)千代田牧場
"No.120
テルアケリーの2021
めす　5/4生　鹿毛
父：シルバーステート
母：テルアケリー
母父：Tapit
販売者：ノーザンファーム",120,テルアケリーの2021,めす,5/4,鹿,シルバーステート,テルアケリー,Tapit,ノーザンファーム,ノーザンファーム,ノーザンファームYearling
"No.121
エアマスカットの2021
牡　4/28生　栗毛
父：デクラレーションオブウォー
母：エアマスカット
母父：ジャングルポケット
販売者：社台ファーム（共有代表）",121,エアマスカットの2021,牡,4/28,栗,デクラレーションオブウォー,エアマスカット,ジャングルポケット,社台ファーム（共有代表）,シャダイファームキョウユウダイヒョウ,社台ファーム
"No.122
ジョプリンの2021
めす　1/15生　黒鹿毛
父：ロードカナロア
母：ジョプリン
母父：Soldier Hollow
販売者：(株)レイクヴィラファーム",122,ジョプリンの2021,めす,1/15,黒鹿,ロードカナロア,ジョプリン,Soldier Hollow,(株)レイクヴィラファーム,レイクヴィラファーム,ノーザンファームYearling
"No.123
ホットチャチャの2021
牡　4/29生　黒鹿毛
父：モーリス
母：ホットチャチャ
母父：Cactus Ridge
販売者：ノーザンファーム",123,ホットチャチャの2021,牡,4/29,黒鹿,モーリス,ホットチャチャ,Cactus Ridge,ノーザンファーム,ノーザンファーム,ノーザンファームYearling
"No.124
デロングスターの2021
めす　2/20生　青鹿毛
父：キタサンブラック
母：デロングスター
母父：ヴィクトワールピサ
販売者：社台ファーム",124,デロングスターの2021,めす,2/20,青鹿,キタサンブラック,デロングスター,ヴィクトワールピサ,社台ファーム,シャダイファーム,社台ファーム
"No.125
チェリーコレクトの2021
めす　3/17生　鹿毛
父：キズナ
母：チェリーコレクト
母父：Oratorio
販売者：(有)ノーザンレーシング",125,チェリーコレクトの2021,めす,3/17,鹿,キズナ,チェリーコレクト,Oratorio,(有)ノーザンレーシング,ノーザンレーシング,ノーザンファームYearling
"No.126
トップデサイルの2021
牡　4/6生　栗毛
父：エピファネイア
母：トップデサイル
母父：Congrats
販売者：社台ファーム",126,トップデサイルの2021,牡,4/6,栗,エピファネイア,トップデサイル,Congrats,社台ファーム,シャダイファーム,社台ファーム
"No.127
シュガーショックの2021
牡　4/8生　栗毛
父：ダイワメジャー
母：シュガーショック
母父：Candy Ride
販売者：ノーザンファーム",127,シュガーショックの2021,牡,4/8,栗,ダイワメジャー,シュガーショック,Candy Ride,ノーザンファーム,ノーザンファーム,ノーザンファームYearling
"No.128
ジプシーハイウェイの2021
牡　3/31生　鹿毛
父：モーリス
母：ジプシーハイウェイ
母父：High Chaparral
販売者：社台ファーム",128,ジプシーハイウェイの2021,牡,3/31,鹿,モーリス,ジプシーハイウェイ,High Chaparral,社台ファーム,シャダイファーム,社台ファーム
"No.129
ローズマンブリッジの2021
めす　3/30生　鹿毛
父：リオンディーズ
母：ローズマンブリッジ
母父：ディープインパクト
販売者：(有)ノーザンレーシング",129,ローズマンブリッジの2021,めす,3/30,鹿,リオンディーズ,ローズマンブリッジ,ディープインパクト,(有)ノーザンレーシング,ノーザンレーシング,ノーザンファームYearling
"No.130
プントバンコの2021
牡　4/21生　栗毛
父：ドレフォン
母：プントバンコ
母父：フジキセキ
販売者：(株)レイクヴィラファーム",130,プントバンコの2021,牡,4/21,栗,ドレフォン,プントバンコ,フジキセキ,(株)レイクヴィラファーム,レイクヴィラファーム,ノーザンファームYearling
"No.131
オーサムフェザーの2021
牡　1/27生　鹿毛
父：サトノダイヤモンド
母：オーサムフェザー
母父：Awesome of Course
販売者：(有)ノーザンレーシング",131,オーサムフェザーの2021,牡,1/27,鹿,サトノダイヤモンド,オーサムフェザー,Awesome of Course,(有)ノーザンレーシング,ノーザンレーシング,ノーザンファームYearling
"No.132
エスプリドパリの2021
めす　1/31生　芦毛
父：モーリス
母：エスプリドパリ
母父：ハーツクライ
販売者：追分ファーム",132,エスプリドパリの2021,めす,1/31,芦,モーリス,エスプリドパリ,ハーツクライ,追分ファーム,オイワケファーム,追分ファーム　リリーバレー
"No.133
ベルルミエールの2021
牡　4/21生　黒鹿毛
父：レイデオロ
母：ベルルミエール
母父：スウェプトオーヴァーボード
販売者：社台ファーム",133,ベルルミエールの2021,牡,4/21,黒鹿,レイデオロ,ベルルミエール,スウェプトオーヴァーボード,社台ファーム,シャダイファーム,社台ファーム
"No.134
パロネラの2021
めす　2/1生　鹿毛
父：エピファネイア
母：パロネラ
母父：ロードカナロア
販売者：(有)ノーザンレーシング",134,パロネラの2021,めす,2/1,鹿,エピファネイア,パロネラ,ロードカナロア,(有)ノーザンレーシング,ノーザンレーシング,ノーザンファームYearling
"No.135
ホワイトローズⅡの2021
めす　3/3生　芦毛
父：キズナ
母：ホワイトローズⅡ
母父：Tapit
販売者：社台ファーム",135,ホワイトローズⅡの2021,めす,3/3,芦,キズナ,ホワイトローズⅡ,Tapit,社台ファーム,シャダイファーム,社台ファーム
"No.136
ソーメニーウェイズの2021
牡　3/2生　鹿毛
父：リアルスティール
母：ソーメニーウェイズ
母父：Sightseeing
販売者：ノーザンファーム",136,ソーメニーウェイズの2021,牡,3/2,鹿,リアルスティール,ソーメニーウェイズ,Sightseeing,ノーザンファーム,ノーザンファーム,ノーザンファームYearling
"No.137
ウエスタンクィーンの2021
牡　3/6生　鹿毛
父：アニマルキングダム
母：ウエスタンクィーン
母父：エルコンドルパサー
販売者：(株)ウエスタンファーム",137,ウエスタンクィーンの2021,牡,3/6,鹿,アニマルキングダム,ウエスタンクィーン,エルコンドルパサー,(株)ウエスタンファーム,ウエスタンファーム,(株)ウエスタンファーム
"No.138
パールサイドの2021
めす　4/17生　黒鹿毛
父：ハーツクライ
母：パールサイド
母父：Alhaarth
販売者：社台ファーム",138,パールサイドの2021,めす,4/17,黒鹿,ハーツクライ,パールサイド,Alhaarth,社台ファーム,シャダイファーム,社台ファーム
"No.139
マニーズオンシャーロットの2021
めす　2/24生　鹿毛
父：キタサンブラック
母：マニーズオンシャーロット
母父：Mizzen Mast
販売者：吉田 俊介",139,マニーズオンシャーロットの2021,めす,2/24,鹿,キタサンブラック,マニーズオンシャーロット,Mizzen Mast,吉田 俊介,ヨシダシュンスケ,ノーザンファームYearling
"No.140
インヴァリダの2021
牡　4/9生　栗毛
父：Palace Malice
母：インヴァリダ
母父：Street Cry
販売者：(有)大栄牧場（共有代表）",140,インヴァリダの2021,牡,4/9,栗,Palace Malice,インヴァリダ,Street Cry,(有)大栄牧場（共有代表）,ダイエイボクジョウ,カルペディエム　メイド
"No.141
サルスエラの2021
めす　4/27生　黒鹿毛
父：エピファネイア
母：サルスエラ
母父：マンハッタンカフェ
販売者：(株)レイクヴィラファーム",141,サルスエラの2021,めす,4/27,黒鹿,エピファネイア,サルスエラ,マンハッタンカフェ,(株)レイクヴィラファーム,レイクヴィラファーム,ノーザンファームYearling
"No.142
カールファターレの2021
牡　3/27生　鹿毛
父：ドレフォン
母：カールファターレ
母父：キングカメハメハ
販売者：ノーザンファーム",142,カールファターレの2021,牡,3/27,鹿,ドレフォン,カールファターレ,キングカメハメハ,ノーザンファーム,ノーザンファーム,ノーザンファームYearling
"No.143
レッドカチューシャの2021
めす　3/8生　鹿毛
父：ハービンジャー
母：レッドカチューシャ
母父：ディープインパクト
販売者：社台ファーム",143,レッドカチューシャの2021,めす,3/8,鹿,ハービンジャー,レッドカチューシャ,ディープインパクト,社台ファーム,シャダイファーム,社台ファーム
"No.144
レーヴドフィユの2021
牡　4/10生　栗毛
父：レイデオロ
母：レーヴドフィユ
母父：Storm Cat
販売者：(有)千代田牧場",144,レーヴドフィユの2021,牡,4/10,栗,レイデオロ,レーヴドフィユ,Storm Cat,(有)千代田牧場,チヨダボクジョウ,(有)千代田牧場
"No.145
モーヴサファイアの2021
めす　1/13生　鹿毛
父：ブリックスアンドモルタル
母：モーヴサファイア
母父：ハービンジャー
販売者：(有)ノーザンレーシング",145,モーヴサファイアの2021,めす,1/13,鹿,ブリックスアンドモルタル,モーヴサファイア,ハービンジャー,(有)ノーザンレーシング,ノーザンレーシング,ノーザンファームYearling
"No.146
ペディクラリスの2021
牡　3/12生　鹿毛
父：ロードカナロア
母：ペディクラリス
母父：サンデーサイレンス
販売者：社台ファーム",146,ペディクラリスの2021,牡,3/12,鹿,ロードカナロア,ペディクラリス,サンデーサイレンス,社台ファーム,シャダイファーム,(有)社台コーポレーション白老ファームYearling
"No.147
ベラルーサの2021
めす　3/5生　鹿毛
父：リアルスティール
母：ベラルーサ
母父：Orpen
販売者：(株)ハクレイファーム",147,ベラルーサの2021,めす,3/5,鹿,リアルスティール,ベラルーサ,Orpen,(株)ハクレイファーム,ハクレイファーム,(株)ハクレイファーム
"No.148
スピークソフトリーの2021
牡　1/25生　栗毛
父：モーリス
母：スピークソフトリー
母父：アルカセット
販売者：ノーザンファーム",148,スピークソフトリーの2021,牡,1/25,栗,モーリス,スピークソフトリー,アルカセット,ノーザンファーム,ノーザンファーム,ノーザンファームYearling
"No.149
パセンジャーシップの2021
めす　1/23生　栗毛
父：エピファネイア
母：パセンジャーシップ
母父：ダイワメジャー
販売者：社台ファーム",149,パセンジャーシップの2021,めす,1/23,栗,エピファネイア,パセンジャーシップ,ダイワメジャー,社台ファーム,シャダイファーム,社台ファーム
"No.150
ヒラボクビジンの2021
牡　3/9生　鹿毛
父：シニスターミニスター
母：ヒラボクビジン
母父：ブライアンズタイム
販売者：(有)谷川牧場",150,ヒラボクビジンの2021,牡,3/9,鹿,シニスターミニスター,ヒラボクビジン,ブライアンズタイム,(有)谷川牧場,タニカワボクジョウ,(有)谷川牧場
"No.151
シャンブルドットの2021
めす　3/29生　栗毛
父：スワーヴリチャード
母：シャンブルドット
母父：Lope de Vega
販売者：(有)ノーザンレーシング",151,シャンブルドットの2021,めす,3/29,栗,スワーヴリチャード,シャンブルドット,Lope de Vega,(有)ノーザンレーシング,ノーザンレーシング,ノーザンファームYearling
"No.152
ラッキーナンバーの2021
牡　5/8生　黒鹿毛
父：Omaha Beach
母：ラッキーナンバー
母父：Smart Strike
販売者：(有)浜本牧場（共有代表）",152,ラッキーナンバーの2021,牡,5/8,黒鹿,Omaha Beach,ラッキーナンバー,Smart Strike,(有)浜本牧場（共有代表）,ハマモトボクジョウ,カルペディエム　メイド
"No.153
イタリアンホワイトの2021
めす　1/27生　黒鹿毛
父：ルーラーシップ
母：イタリアンホワイト
母父：ステイゴールド
販売者：(株)レイクヴィラファーム",153,イタリアンホワイトの2021,めす,1/27,黒鹿,ルーラーシップ,イタリアンホワイト,ステイゴールド,(株)レイクヴィラファーム,レイクヴィラファーム,ノーザンファームYearling
"No.154
ベッラレイアの2021
牡　2/12生　鹿毛
父：アルアイン
母：ベッラレイア
母父：ナリタトップロード
販売者：(有)ノーザンレーシング",154,ベッラレイアの2021,牡,2/12,鹿,アルアイン,ベッラレイア,ナリタトップロード,(有)ノーザンレーシング,ノーザンレーシング,ノーザンファームYearling
"No.155
コムの2021
牡　2/26生　鹿毛
父：Golden Horn
母：コム
母父：Le Havre
販売者：社台ファーム",155,コムの2021,牡,2/26,鹿,Golden Horn,コム,Le Havre,社台ファーム,シャダイファーム,社台ファーム
"No.156
アドマイヤキラメキの2021
めす　1/25生　鹿毛
父：サトノアラジン
母：アドマイヤキラメキ
母父：エンドスウィープ
販売者：(有)ノーザンレーシング",156,アドマイヤキラメキの2021,めす,1/25,鹿,サトノアラジン,アドマイヤキラメキ,エンドスウィープ,(有)ノーザンレーシング,ノーザンレーシング,ノーザンファームYearling
"No.157
ヤマノフェアリーの2021
牡　2/25生　鹿毛
父：モーリス
母：ヤマノフェアリー
母父：ディープインパクト
販売者：(株)チャンピオンズファーム",157,ヤマノフェアリーの2021,牡,2/25,鹿,モーリス,ヤマノフェアリー,ディープインパクト,(株)チャンピオンズファーム,チャンピオンズファーム,(株)チャンピオンズファーム
"No.158
ギーニョの2021
牡　4/1生　鹿毛
父：レイデオロ
母：ギーニョ
母父：サンデーサイレンス
販売者：(有)ノーザンレーシング",158,ギーニョの2021,牡,4/1,鹿,レイデオロ,ギーニョ,サンデーサイレンス,(有)ノーザンレーシング,ノーザンレーシング,ノーザンファームYearling
"No.159
クリスティザーの2021
めす　3/6生　栗毛
父：Gun Runner
母：クリスティザー
母父：Tapizar
販売者：(株)千里ファーム",159,クリスティザーの2021,めす,3/6,栗,Gun Runner,クリスティザー,Tapizar,(株)千里ファーム,センリファーム,エバグリーンセールスコンサインメント
"No.160
フリアアステカの2021
牡　3/9生　黒鹿毛
父：キズナ
母：フリアアステカ
母父：Zensational
販売者：社台ファーム",160,フリアアステカの2021,牡,3/9,黒鹿,キズナ,フリアアステカ,Zensational,社台ファーム,シャダイファーム,社台ファーム
"No.161
アーキテクチャーの2021
めす　3/12生　鹿毛
父：リアルスティール
母：アーキテクチャー
母父：Zoffany
販売者：(有)ノーザンレーシング",161,アーキテクチャーの2021,めす,3/12,鹿,リアルスティール,アーキテクチャー,Zoffany,(有)ノーザンレーシング,ノーザンレーシング,ノーザンファームYearling
"No.162
チャームザワールドの2021
牡　2/17生　鹿毛
父：エピファネイア
母：チャームザワールド
母父：ロードカナロア
販売者：追分ファーム",162,チャームザワールドの2021,牡,2/17,鹿,エピファネイア,チャームザワールド,ロードカナロア,追分ファーム,オイワケファーム,追分ファーム　リリーバレー
"No.163
スターシンフォニーの2021
めす　4/9生　鹿毛
父：マジェスティックウォリアー
母：スターシンフォニー
母父：アグネスタキオン
販売者：(株)レイクヴィラファーム",163,スターシンフォニーの2021,めす,4/9,鹿,マジェスティックウォリアー,スターシンフォニー,アグネスタキオン,(株)レイクヴィラファーム,レイクヴィラファーム,ノーザンファームYearling
"No.164
ラーゴブルーの2021
牡　2/10生　栗毛
父：ニューイヤーズデイ
母：ラーゴブルー
母父：ハーツクライ
販売者：(有)ノーザンレーシング",164,ラーゴブルーの2021,牡,2/10,栗,ニューイヤーズデイ,ラーゴブルー,ハーツクライ,(有)ノーザンレーシング,ノーザンレーシング,ノーザンファームYearling
"No.165
シャンパンフルートの2021
めす　2/3生　芦毛
父：リオンディーズ
母：シャンパンフルート
母父：クロフネ
販売者：(有)下河辺牧場",165,シャンパンフルートの2021,めす,2/3,芦,リオンディーズ,シャンパンフルート,クロフネ,(有)下河辺牧場,シモコウベボクジョウ,(有)下河辺牧場
"No.166
エオリアンハープの2021
牡　3/13生　栗毛
父：ブリックスアンドモルタル
母：エオリアンハープ
母父：キングカメハメハ
販売者：社台ファーム",166,エオリアンハープの2021,牡,3/13,栗,ブリックスアンドモルタル,エオリアンハープ,キングカメハメハ,社台ファーム,シャダイファーム,社台ファーム
"No.167
マンビアの2021
めす　4/3生　鹿毛
父：キズナ
母：マンビア
母父：アルデバランⅡ
販売者：(有)ノーザンレーシング",167,マンビアの2021,めす,4/3,鹿,キズナ,マンビア,アルデバランⅡ,(有)ノーザンレーシング,ノーザンレーシング,ノーザンファームYearling
"No.168
ネオヴィクトリアの2021
牡　4/29生　黒鹿毛
父：レイデオロ
母：ネオヴィクトリア
母父：ディープインパクト
販売者：岡田スタッド",168,ネオヴィクトリアの2021,牡,4/29,黒鹿,レイデオロ,ネオヴィクトリア,ディープインパクト,岡田スタッド,オカダスタッド,岡田スタッド
"No.169
オリオンムーンの2021
めす　2/12生　鹿毛
父：リアルスティール
母：オリオンムーン
母父：Manduro
販売者：社台ファーム",169,オリオンムーンの2021,めす,2/12,鹿,リアルスティール,オリオンムーン,Manduro,社台ファーム,シャダイファーム,社台ファーム
"No.170
ユードントラヴミーの2021
牡　2/17生　鹿毛
父：オルフェーヴル
母：ユードントラヴミー
母父：Teofilo
販売者：(有)ノーザンレーシング",170,ユードントラヴミーの2021,牡,2/17,鹿,オルフェーヴル,ユードントラヴミー,Teofilo,(有)ノーザンレーシング,ノーザンレーシング,ノーザンファームYearling
"No.171
ランブリングローズの2021
めす　3/26生　鹿毛
父：リアルスティール
母：ランブリングローズ
母父：アグネスデジタル
販売者：(有)千代田牧場",171,ランブリングローズの2021,めす,3/26,鹿,リアルスティール,ランブリングローズ,アグネスデジタル,(有)千代田牧場,チヨダボクジョウ,(有)千代田牧場
"No.172
マネーペニーの2021
牡　4/30生　鹿毛
父：エピファネイア
母：マネーペニー
母父：Monarchos
販売者：(株)オリオンファーム",172,マネーペニーの2021,牡,4/30,鹿,エピファネイア,マネーペニー,Monarchos,(株)オリオンファーム,オリオンファーム,(株)オリオンファーム
"No.173
アンリミテッドバジェットの2021
めす　2/20生　鹿毛
父：ドゥラメンテ
母：アンリミテッドバジェット
母父：ストリートセンス
販売者：社台ファーム",173,アンリミテッドバジェットの2021,めす,2/20,鹿,ドゥラメンテ,アンリミテッドバジェット,ストリートセンス,社台ファーム,シャダイファーム,社台ファーム
"No.174
マンハイムの2021
めす　3/19生　栗毛
父：ハービンジャー
母：マンハイム
母父：ダイワメジャー
販売者：(有)ノーザンレーシング",174,マンハイムの2021,めす,3/19,栗,ハービンジャー,マンハイム,ダイワメジャー,(有)ノーザンレーシング,ノーザンレーシング,ノーザンファームYearling
"No.175
レディヴァルールの2021
牡　4/6生　鹿毛
父：オルフェーヴル
母：レディヴァルール
母父：Multiplex
販売者：ＫＲジャパン",175,レディヴァルールの2021,牡,4/6,鹿,オルフェーヴル,レディヴァルール,Multiplex,ＫＲジャパン,ケーアールジャパン,(有)浦河育成センター
"No.176
オリエンタルリリーの2021
めす　2/15生　鹿毛
父：ドゥラメンテ
母：オリエンタルリリー
母父：ダイワメジャー
販売者：(有)グレース",176,オリエンタルリリーの2021,めす,2/15,鹿,ドゥラメンテ,オリエンタルリリー,ダイワメジャー,(有)グレース,グレース,(有)パイオニアファーム
"No.177
アドマイヤアローの2021
牡　2/17生　鹿毛
父：ルーラーシップ
母：アドマイヤアロー
母父：ワークフォース
販売者：(有)ノーザンレーシング",177,アドマイヤアローの2021,牡,2/17,鹿,ルーラーシップ,アドマイヤアロー,ワークフォース,(有)ノーザンレーシング,ノーザンレーシング,ノーザンファームYearling
"No.178
ストラスペイの2021
めす　3/29生　鹿毛
父：リアルスティール
母：ストラスペイ
母父：シンボリクリスエス
販売者：(株)レイクヴィラファーム",178,ストラスペイの2021,めす,3/29,鹿,リアルスティール,ストラスペイ,シンボリクリスエス,(株)レイクヴィラファーム,レイクヴィラファーム,ノーザンファームYearling
"No.179
パッシフローラの2021
牡　3/19生　鹿毛
父：リオンディーズ
母：パッシフローラ
母父：ディープインパクト
販売者：ノーザンファーム",179,パッシフローラの2021,牡,3/19,鹿,リオンディーズ,パッシフローラ,ディープインパクト,ノーザンファーム,ノーザンファーム,ノーザンファームYearling
"No.180
ブギーダモーレの2021
めす　4/15生　鹿毛
父：ダイワメジャー
母：ブギーダモーレ
母父：Rail Link
販売者：社台ファーム",180,ブギーダモーレの2021,めす,4/15,鹿,ダイワメジャー,ブギーダモーレ,Rail Link,社台ファーム,シャダイファーム,社台ファーム
"No.181
サトノジュピターの2021
めす　2/28生　栗毛
父：ブリックスアンドモルタル
母：サトノジュピター
母父：アグネスタキオン
販売者：(有)ノーザンレーシング",181,サトノジュピターの2021,めす,2/28,栗,ブリックスアンドモルタル,サトノジュピター,アグネスタキオン,(有)ノーザンレーシング,ノーザンレーシング,ノーザンファームYearling
"No.182
アラドヴァルの2021
牡　5/1生　鹿毛
父：ルーラーシップ
母：アラドヴァル
母父：シンボリクリスエス
販売者：社台ファーム",182,アラドヴァルの2021,牡,5/1,鹿,ルーラーシップ,アラドヴァル,シンボリクリスエス,社台ファーム,シャダイファーム,(有)社台コーポレーション白老ファームYearling
"No.183
欠場
　生　毛
父：
母：
母父：
販売者：",183,欠場,,,,,,,,,
"No.184
パールシャドウの2021
牡　2/15生　黒鹿毛
父：キズナ
母：パールシャドウ
母父：クロフネ
販売者：社台ファーム（共有代表）",184,パールシャドウの2021,牡,2/15,黒鹿,キズナ,パールシャドウ,クロフネ,社台ファーム（共有代表）,シャダイファームキョウユウダイヒョウ,社台ファーム
"No.185
デュエットの2021
めす　3/24生　栗毛
父：ドレフォン
母：デュエット
母父：コンデュイット
販売者：(有)藤澤牧場",185,デュエットの2021,めす,3/24,栗,ドレフォン,デュエット,コンデュイット,(有)藤澤牧場,フジサワボクジョウ,エバグリーンセールスコンサインメント
"No.186
ラトーナの2021
牡　3/7生　鹿毛
父：アジアエクスプレス
母：ラトーナ
母父：Dansili
販売者：(有)ノーザンレーシング",186,ラトーナの2021,牡,3/7,鹿,アジアエクスプレス,ラトーナ,Dansili,(有)ノーザンレーシング,ノーザンレーシング,ノーザンファームYearling
"No.187
デリケートアーチの2021
牡　3/13生　鹿毛
父：ジャスタウェイ
母：デリケートアーチ
母父：アフリート
販売者：(株)レイクヴィラファーム",187,デリケートアーチの2021,牡,3/13,鹿,ジャスタウェイ,デリケートアーチ,アフリート,(株)レイクヴィラファーム,レイクヴィラファーム,ノーザンファームYearling
"No.188
ラクアミの2021
めす　2/15生　黒鹿毛
父：モーリス
母：ラクアミ
母父：ダイワメジャー
販売者：(有)ノーザンレーシング",188,ラクアミの2021,めす,2/15,黒鹿,モーリス,ラクアミ,ダイワメジャー,(有)ノーザンレーシング,ノーザンレーシング,ノーザンファームYearling
"No.189
コーンドリーの2021
めす　2/17生　黒鹿毛
父：ネオユニヴァース
母：コーンドリー
母父：Indian Charlie
販売者：社台ファーム",189,コーンドリーの2021,めす,2/17,黒鹿,ネオユニヴァース,コーンドリー,Indian Charlie,社台ファーム,シャダイファーム,社台ファーム
"No.190
アイスパステルの2021
牡　3/15生　栗毛
父：マジェスティックウォリアー
母：アイスパステル
母父：Shackleford
販売者：(有)ノーザンレーシング",190,アイスパステルの2021,牡,3/15,栗,マジェスティックウォリアー,アイスパステル,Shackleford,(有)ノーザンレーシング,ノーザンレーシング,ノーザンファームYearling
"No.191
ハートシェイプトの2021
めす　2/19生　鹿毛
父：サトノダイヤモンド
母：ハートシェイプト
母父：Storm Cat
販売者：社台ファーム",191,ハートシェイプトの2021,めす,2/19,鹿,サトノダイヤモンド,ハートシェイプト,Storm Cat,社台ファーム,シャダイファーム,社台ファーム
"No.192
アマルティアの2021
牡　5/17生　鹿毛
父：サンダースノー
母：アマルティア
母父：アドマイヤムーン
販売者：(株)アースファーム",192,アマルティアの2021,牡,5/17,鹿,サンダースノー,アマルティア,アドマイヤムーン,(株)アースファーム,アースファーム,(株)アースファーム
"No.193
欠場
　生　毛
父：
母：
母父：
販売者：",193,欠場,,,,,,,,,
"No.194
スクラッタの2021
牡　2/9生　黒鹿毛
父：ロゴタイプ
母：スクラッタ
母父：キングカメハメハ
販売者：社台ファーム",194,スクラッタの2021,牡,2/9,黒鹿,ロゴタイプ,スクラッタ,キングカメハメハ,社台ファーム,シャダイファーム,(有)社台コーポレーション白老ファームYearling
"No.195
クラシックリディアの2021
牡　2/24生　鹿毛
父：ワールドエース
母：クラシックリディア
母父：ハービンジャー
販売者：ノーザンファーム",195,クラシックリディアの2021,牡,2/24,鹿,ワールドエース,クラシックリディア,ハービンジャー,ノーザンファーム,ノーザンファーム,ノーザンファームYearling
"No.196
欠場
　生　毛
父：
母：
母父：
販売者：",196,欠場,,,,,,,,,
"No.197
セルフィーバイブスの2021
牡　5/4生　鹿毛
父：ダイワメジャー
母：セルフィーバイブス
母父：キングカメハメハ
販売者：(有)千代田牧場",197,セルフィーバイブスの2021,牡,5/4,鹿,ダイワメジャー,セルフィーバイブス,キングカメハメハ,(有)千代田牧場,チヨダボクジョウ,(有)千代田牧場
"No.198
ディエルベの2021
めす　4/30生　黒鹿毛
父：サトノクラウン
母：ディエルベ
母父：ローエングリン
販売者：社台ファーム",198,ディエルベの2021,めす,4/30,黒鹿,サトノクラウン,ディエルベ,ローエングリン,社台ファーム,シャダイファーム,社台ファーム
"No.199
ロフティーエイムの2021
牡　3/18生　鹿毛
父：ブリックスアンドモルタル
母：ロフティーエイム
母父：サンデーサイレンス
販売者：追分ファーム",199,ロフティーエイムの2021,牡,3/18,鹿,ブリックスアンドモルタル,ロフティーエイム,サンデーサイレンス,追分ファーム,オイワケファーム,追分ファーム　リリーバレー
"No.200
アイズオンリーの2021
めす　3/5生　鹿毛
父：レイデオロ
母：アイズオンリー
母父：ネオユニヴァース
販売者：(有)ノーザンレーシング",200,アイズオンリーの2021,めす,3/5,鹿,レイデオロ,アイズオンリー,ネオユニヴァース,(有)ノーザンレーシング,ノーザンレーシング,ノーザンファームYearling
"No.201
ルーヴインペリアルの2021
牡　4/28生　栗毛
父：スワーヴリチャード
母：ルーヴインペリアル
母父：Giant's Causeway
販売者：社台ファーム",201,ルーヴインペリアルの2021,牡,4/28,栗,スワーヴリチャード,ルーヴインペリアル,Giant's Causeway,社台ファーム,シャダイファーム,社台ファーム
"No.202
ビバリーヒルズの2021
牡　3/3生　鹿毛
父：キンシャサノキセキ
母：ビバリーヒルズ
母父：スニッツェル
販売者：(有)ノーザンレーシング",202,ビバリーヒルズの2021,牡,3/3,鹿,キンシャサノキセキ,ビバリーヒルズ,スニッツェル,(有)ノーザンレーシング,ノーザンレーシング,ノーザンファームYearling
"No.203
ゴールドマリキヤの2021
めす　4/27生　鹿毛
父：サンダースノー
母：ゴールドマリキヤ
母父：ゴールドアリュール
販売者：ワールド．ファーム",203,ゴールドマリキヤの2021,めす,4/27,鹿,サンダースノー,ゴールドマリキヤ,ゴールドアリュール,ワールド．ファーム,ワールドファーム,(有)チェスナットファーム
"No.204
アドマイヤキュートの2021
めす　2/13生　青鹿毛
父：ドレフォン
母：アドマイヤキュート
母父：キングカメハメハ
販売者：(有)ノーザンレーシング",204,アドマイヤキュートの2021,めす,2/13,青鹿,ドレフォン,アドマイヤキュート,キングカメハメハ,(有)ノーザンレーシング,ノーザンレーシング,ノーザンファームYearling
"No.205
エアティアーモの2021
牡　3/4生　鹿毛
父：ディスクリートキャット
母：エアティアーモ
母父：ロージズインメイ
販売者：社台ファーム（共有代表）",205,エアティアーモの2021,牡,3/4,鹿,ディスクリートキャット,エアティアーモ,ロージズインメイ,社台ファーム（共有代表）,シャダイファームキョウユウダイヒョウ,社台ファーム
"No.206
シェリールの2021
牡　2/19生　黒鹿毛
父：ルーラーシップ
母：シェリール
母父：サンデーサイレンス
販売者：ノーザンファーム",206,シェリールの2021,牡,2/19,黒鹿,ルーラーシップ,シェリール,サンデーサイレンス,ノーザンファーム,ノーザンファーム,ノーザンファームYearling
"No.207
ラヴザットマスタングの2021
めす　5/7生　黒鹿毛
父：ブリックスアンドモルタル
母：ラヴザットマスタング
母父：Candy Ride
販売者：(有)アラキファーム",207,ラヴザットマスタングの2021,めす,5/7,黒鹿,ブリックスアンドモルタル,ラヴザットマスタング,Candy Ride,(有)アラキファーム,アラキファーム,(有)チェスナットファーム
"No.208
スピナッチの2021
牡　5/14生　黒鹿毛
父：ホッコータルマエ
母：スピナッチ
母父：ゼンノロブロイ
販売者：社台ファーム",208,スピナッチの2021,牡,5/14,黒鹿,ホッコータルマエ,スピナッチ,ゼンノロブロイ,社台ファーム,シャダイファーム,社台ファーム
"No.209
ラファダリの2021
めす　3/28生　鹿毛
父：ミッキーアイル
母：ラファダリ
母父：Singspiel
販売者：ノーザンファーム",209,ラファダリの2021,めす,3/28,鹿,ミッキーアイル,ラファダリ,Singspiel,ノーザンファーム,ノーザンファーム,ノーザンファームYearling
"No.210
サオヒメの2021
めす　4/14生　黒鹿毛
父：ニューイヤーズデイ
母：サオヒメ
母父：サンデーサイレンス
販売者：(株)レイクヴィラファーム",210,サオヒメの2021,めす,4/14,黒鹿,ニューイヤーズデイ,サオヒメ,サンデーサイレンス,(株)レイクヴィラファーム,レイクヴィラファーム,ノーザンファームYearling
"No.211
ソングライティングの2021
牡　5/2生　栗毛
父：シュヴァルグラン
母：ソングライティング
母父：Giant's Causeway
販売者：ノーザンファーム",211,ソングライティングの2021,牡,5/2,栗,シュヴァルグラン,ソングライティング,Giant's Causeway,ノーザンファーム,ノーザンファーム,ノーザンファームYearling
"No.212
レッドラミアの2021
めす　4/15生　栗毛
父：マインドユアビスケッツ
母：レッドラミア
母父：ディープインパクト
販売者：社台ファーム",212,レッドラミアの2021,めす,4/15,栗,マインドユアビスケッツ,レッドラミア,ディープインパクト,社台ファーム,シャダイファーム,社台ファーム
"No.213
アドマイヤマリンの2021
めす　4/8生　黒鹿毛
父：ニューイヤーズデイ
母：アドマイヤマリン
母父：クロフネ
販売者：(有)ノーザンレーシング",213,アドマイヤマリンの2021,めす,4/8,黒鹿,ニューイヤーズデイ,アドマイヤマリン,クロフネ,(有)ノーザンレーシング,ノーザンレーシング,ノーザンファームYearling
"No.214
ディオベルタの2021
牡　5/21生　鹿毛
父：ルーラーシップ
母：ディオベルタ
母父：フジキセキ
販売者：社台ファーム",214,ディオベルタの2021,牡,5/21,鹿,ルーラーシップ,ディオベルタ,フジキセキ,社台ファーム,シャダイファーム,社台ファーム
"No.215
カロンセギュールの2021
牡　4/6生　黒鹿毛
父：スワーヴリチャード
母：カロンセギュール
母父：Forest Camp
販売者：ノーザンファーム",215,カロンセギュールの2021,牡,4/6,黒鹿,スワーヴリチャード,カロンセギュール,Forest Camp,ノーザンファーム,ノーザンファーム,ノーザンファームYearling
"No.216
ブリスアンドラックの2021
めす　4/21生　黒鹿毛
父：ロゴタイプ
母：ブリスアンドラック
母父：ディープインパクト
販売者：社台ファーム",216,ブリスアンドラックの2021,めす,4/21,黒鹿,ロゴタイプ,ブリスアンドラック,ディープインパクト,社台ファーム,シャダイファーム,社台ファーム
"No.217
アイスドールの2021
めす　3/13生　黒鹿毛
父：サトノクラウン
母：アイスドール
母父：キャプテンスティーヴ
販売者：ノーザンファーム",217,アイスドールの2021,めす,3/13,黒鹿,サトノクラウン,アイスドール,キャプテンスティーヴ,ノーザンファーム,ノーザンファーム,ノーザンファームYearling
"No.218
エリモフェザーの2021
牡　4/9生　鹿毛
父：ヴィクトワールピサ
母：エリモフェザー
母父：シニスターミニスター
販売者：岡田スタッド",218,エリモフェザーの2021,牡,4/9,鹿,ヴィクトワールピサ,エリモフェザー,シニスターミニスター,岡田スタッド,オカダスタッド,岡田スタッド
"No.219
ゴールウェイの2021
めす　3/6生　鹿毛
父：キンシャサノキセキ
母：ゴールウェイ
母父：フサイチコンコルド
販売者：(株)レイクヴィラファーム",219,ゴールウェイの2021,めす,3/6,鹿,キンシャサノキセキ,ゴールウェイ,フサイチコンコルド,(株)レイクヴィラファーム,レイクヴィラファーム,ノーザンファームYearling
"No.220
チャイマックスの2021
牡　2/11生　鹿毛
父：ミッキーアイル
母：チャイマックス
母父：Congrats
販売者：ノーザンファーム",220,チャイマックスの2021,牡,2/11,鹿,ミッキーアイル,チャイマックス,Congrats,ノーザンファーム,ノーザンファーム,ノーザンファームYearling
"No.221
コスモパルムドールの2021
牡　3/3生　鹿毛
父：サトノクラウン
母：コスモパルムドール
母父：Yonaguska
販売者：(有)グランデファーム",221,コスモパルムドールの2021,牡,3/3,鹿,サトノクラウン,コスモパルムドール,Yonaguska,(有)グランデファーム,グランデファーム,(有)グランデファーム
"No.222
オーシャンビーナスの2021
めす　1/27生　鹿毛
父：リオンディーズ
母：オーシャンビーナス
母父：リンカーン
販売者：(有)ノーザンレーシング",222,オーシャンビーナスの2021,めす,1/27,鹿,リオンディーズ,オーシャンビーナス,リンカーン,(有)ノーザンレーシング,ノーザンレーシング,ノーザンファームYearling
"No.223
ミルフィアタッチの2021
牡　5/13生　鹿毛
父：アジアエクスプレス
母：ミルフィアタッチ
母父：キングカメハメハ
販売者：(有)千代田牧場",223,ミルフィアタッチの2021,牡,5/13,鹿,アジアエクスプレス,ミルフィアタッチ,キングカメハメハ,(有)千代田牧場,チヨダボクジョウ,(有)千代田牧場
"No.224
クルソラの2021
牡　4/22生　黒鹿毛
父：リアルインパクト
母：クルソラ
母父：Candy Stripes
販売者：ノーザンファーム",224,クルソラの2021,牡,4/22,黒鹿,リアルインパクト,クルソラ,Candy Stripes,ノーザンファーム,ノーザンファーム,ノーザンファームYearling
"No.225
ユメノキラメキの2021
めす　3/31生　鹿毛
父：イスラボニータ
母：ユメノキラメキ
母父：ロージズインメイ
販売者：社台ファーム",225,ユメノキラメキの2021,めす,3/31,鹿,イスラボニータ,ユメノキラメキ,ロージズインメイ,社台ファーム,シャダイファーム,社台ファーム
"No.226
シュウギンの2021
牡　5/18生　栗毛
父：ブリックスアンドモルタル
母：シュウギン
母父：スウェプトオーヴァーボード
販売者：(株)チャンピオンズファーム",226,シュウギンの2021,牡,5/18,栗,ブリックスアンドモルタル,シュウギン,スウェプトオーヴァーボード,(株)チャンピオンズファーム,チャンピオンズファーム,(株)チャンピオンズファーム
"No.227
ボシンシェの2021
めす　4/8生　鹿毛
父：オルフェーヴル
母：ボシンシェ
母父：Kingmambo
販売者：ノーザンファーム",227,ボシンシェの2021,めす,4/8,鹿,オルフェーヴル,ボシンシェ,Kingmambo,ノーザンファーム,ノーザンファーム,ノーザンファームYearling
"No.228
ステラプラドの2021
牡　4/9生　栗毛
父：ニューイヤーズデイ
母：ステラプラド
母父：ハーツクライ
販売者：社台ファーム",228,ステラプラドの2021,牡,4/9,栗,ニューイヤーズデイ,ステラプラド,ハーツクライ,社台ファーム,シャダイファーム,社台ファーム
"No.229
ムーンライトダンスの2021
牡　4/8生　鹿毛
父：サトノアラジン
母：ムーンライトダンス
母父：Sinndar
販売者：ノーザンファーム",229,ムーンライトダンスの2021,牡,4/8,鹿,サトノアラジン,ムーンライトダンス,Sinndar,ノーザンファーム,ノーザンファーム,ノーザンファームYearling
"No.230
マザーロシアの2021
牡　3/15生　鹿毛
父：サトノダイヤモンド
母：マザーロシア
母父：Mayakovsky
販売者：(株)レイクヴィラファーム",230,マザーロシアの2021,牡,3/15,鹿,サトノダイヤモンド,マザーロシア,Mayakovsky,(株)レイクヴィラファーム,レイクヴィラファーム,ノーザンファームYearling
"No.231
シシリアンブリーズの2021
めす　4/3生　鹿毛
父：ベストウォーリア
母：シシリアンブリーズ
母父：ゼンノロブロイ
販売者：ノーザンファーム",231,シシリアンブリーズの2021,めす,4/3,鹿,ベストウォーリア,シシリアンブリーズ,ゼンノロブロイ,ノーザンファーム,ノーザンファーム,ノーザンファームYearling
"No.232
グレースアンバーの2021
めす　2/19生　鹿毛
父：リアルインパクト
母：グレースアンバー
母父：ストロングリターン
販売者：社台ファーム",232,グレースアンバーの2021,めす,2/19,鹿,リアルインパクト,グレースアンバー,ストロングリターン,社台ファーム,シャダイファーム,社台ファーム
"No.233
ダイワオンディーヌの2021
牡　2/13生　栗毛
父：ワールドエース
母：ダイワオンディーヌ
母父：クロフネ
販売者：ノーザンファーム",233,ダイワオンディーヌの2021,牡,2/13,栗,ワールドエース,ダイワオンディーヌ,クロフネ,ノーザンファーム,ノーザンファーム,ノーザンファームYearling
"No.234
ピュリティゴールドの2021
めす　2/3生　黒鹿毛
父：ルーラーシップ
母：ピュリティゴールド
母父：ゴールドアリュール
販売者：追分ファーム",234,ピュリティゴールドの2021,めす,2/3,黒鹿,ルーラーシップ,ピュリティゴールド,ゴールドアリュール,追分ファーム,オイワケファーム,追分ファーム　リリーバレー
"No.235
ウエスタンベッラの2021
牡　4/21生　鹿毛
父：アメリカンペイトリオット
母：ウエスタンベッラ
母父：ハーツクライ
販売者：(株)ウエスタンファーム",235,ウエスタンベッラの2021,牡,4/21,鹿,アメリカンペイトリオット,ウエスタンベッラ,ハーツクライ,(株)ウエスタンファーム,ウエスタンファーム,(株)ウエスタンファーム
"No.236
ウォークロニクルの2021
めす　3/11生　青鹿毛
父：リアルインパクト
母：ウォークロニクル
母父：ウォーエンブレム
販売者：(有)ノーザンレーシング",236,ウォークロニクルの2021,めす,3/11,青鹿,リアルインパクト,ウォークロニクル,ウォーエンブレム,(有)ノーザンレーシング,ノーザンレーシング,ノーザンファームYearling
"No.237
メジロルルドの2021
めす　3/24生　栗毛
父：アジアエクスプレス
母：メジロルルド
母父：サンデーサイレンス
販売者：(株)レイクヴィラファーム",237,メジロルルドの2021,めす,3/24,栗,アジアエクスプレス,メジロルルド,サンデーサイレンス,(株)レイクヴィラファーム,レイクヴィラファーム,ノーザンファームYearling
"No.238
チアズメッセージの2021
牡　5/9生　栗毛
父：ニューイヤーズデイ
母：チアズメッセージ
母父：サンデーサイレンス
販売者：ノーザンファーム",238,チアズメッセージの2021,牡,5/9,栗,ニューイヤーズデイ,チアズメッセージ,サンデーサイレンス,ノーザンファーム,ノーザンファーム,ノーザンファームYearling
"No.239
ギエムの2021
めす　4/9生　鹿毛
父：アルアイン
母：ギエム
母父：Medaglia d'Oro
販売者：(有)ノーザンレーシング",239,ギエムの2021,めす,4/9,鹿,アルアイン,ギエム,Medaglia d'Oro,(有)ノーザンレーシング,ノーザンレーシング,ノーザンファームYearling
"No.240
欠場
　生　毛
父：
母：
母父：
販売者：",240,欠場,,,,,,,,,
"No.241
ハルマッタンの2021
牡　2/19生　鹿毛
父：ロゴタイプ
母：ハルマッタン
母父：マンハッタンカフェ
販売者：社台ファーム",241,ハルマッタンの2021,牡,2/19,鹿,ロゴタイプ,ハルマッタン,マンハッタンカフェ,社台ファーム,シャダイファーム,(有)社台コーポレーション白老ファームYearling
"No.242
ワナダンスの2021
めす　1/28生　鹿毛
父：イスラボニータ
母：ワナダンス
母父：The Leopard
販売者：(有)ノーザンレーシング",242,ワナダンスの2021,めす,1/28,鹿,イスラボニータ,ワナダンス,The Leopard,(有)ノーザンレーシング,ノーザンレーシング,ノーザンファームYearling
"No.243
リッスンの2021
牡　3/25生　鹿毛
父：ドゥラメンテ
母：リッスン
母父：Sadler's Wells
販売者：ノーザンファーム",243,リッスンの2021,牡,3/25,鹿,ドゥラメンテ,リッスン,Sadler's Wells,ノーザンファーム,ノーザンファーム,ノーザンファームYearling
"No.301
チェリーコレクトの2022
牡　2/23生　鹿毛
父：レイデオロ
母：チェリーコレクト
母父：Oratorio
販売者：(有)ノーザンレーシング",301,チェリーコレクトの2022,牡,2/23,鹿,レイデオロ,チェリーコレクト,Oratorio,(有)ノーザンレーシング,ノーザンレーシング,ノーザンファーム
"No.302
レディイヴァンカの2022
めす　3/6生　鹿毛
父：キズナ
母：レディイヴァンカ
母父：Tiz Wonderful
販売者：(有)ノーザンレーシング",302,レディイヴァンカの2022,めす,3/6,鹿,キズナ,レディイヴァンカ,Tiz Wonderful,(有)ノーザンレーシング,ノーザンレーシング,ノーザンファーム
"No.303
エルディアマンテの2022
牡　2/7生　鹿毛
父：ナダル
母：エルディアマンテ
母父：キングカメハメハ
販売者：ノーザンファーム",303,エルディアマンテの2022,牡,2/7,鹿,ナダル,エルディアマンテ,キングカメハメハ,ノーザンファーム,ノーザンファーム,ノーザンファーム
"No.304
リュラの2022
めす　2/21生　鹿毛
父：ドレフォン
母：リュラ
母父：ステイゴールド
販売者：ノーザンファーム",304,リュラの2022,めす,2/21,鹿,ドレフォン,リュラ,ステイゴールド,ノーザンファーム,ノーザンファーム,ノーザンファーム
"No.305
ベルスリーブの2022
牡　1/27生　鹿毛
父：アドマイヤマーズ
母：ベルスリーブ
母父：シンボリクリスエス
販売者：ノーザンファーム",305,ベルスリーブの2022,牡,1/27,鹿,アドマイヤマーズ,ベルスリーブ,シンボリクリスエス,ノーザンファーム,ノーザンファーム,ノーザンファーム
"No.306
コッパの2022
牡　3/4生　鹿毛
父：イスラボニータ
母：コッパ
母父：Yesbyjimminy
販売者：社台ファーム",306,コッパの2022,牡,3/4,鹿,イスラボニータ,コッパ,Yesbyjimminy,社台ファーム,シャダイファーム,社台ファーム
"No.307
フィールザレースの2022
めす　1/10生　黒鹿毛
父：リアルスティール
母：フィールザレース
母父：Orpen
販売者：(有)ノーザンレーシング",307,フィールザレースの2022,めす,1/10,黒鹿,リアルスティール,フィールザレース,Orpen,(有)ノーザンレーシング,ノーザンレーシング,ノーザンファーム
"No.308
エトワールドパリの2022
牡　2/14生　芦毛
父：ハービンジャー
母：エトワールドパリ
母父：クロフネ
販売者：社台ファーム",308,エトワールドパリの2022,牡,2/14,芦,ハービンジャー,エトワールドパリ,クロフネ,社台ファーム,シャダイファーム,社台ファーム
"No.309
ピュリティゴールドの2022
めす　2/1生　栗毛
父：ルヴァンスレーヴ
母：ピュリティゴールド
母父：ゴールドアリュール
販売者：追分ファーム",309,ピュリティゴールドの2022,めす,2/1,栗,ルヴァンスレーヴ,ピュリティゴールド,ゴールドアリュール,追分ファーム,オイワケファーム,追分ファーム
"No.310
コールバックの2022
牡　3/15生　黒鹿毛
父：ドゥラメンテ
母：コールバック
母父：ストリートセンス
販売者：(有)ノーザンレーシング",310,コールバックの2022,牡,3/15,黒鹿,ドゥラメンテ,コールバック,ストリートセンス,(有)ノーザンレーシング,ノーザンレーシング,ノーザンファーム
"No.311
アムールポエジーの2022
めす　2/20生　栗毛
父：ニューイヤーズデイ
母：アムールポエジー
母父：ネオユニヴァース
販売者：社台ファーム",311,アムールポエジーの2022,めす,2/20,栗,ニューイヤーズデイ,アムールポエジー,ネオユニヴァース,社台ファーム,シャダイファーム,社台ファーム
"No.312
マーチャンテイマーの2022
牡　3/6生　青鹿毛
父：リオンディーズ
母：マーチャンテイマー
母父：クロフネ
販売者：(有)千代田牧場",312,マーチャンテイマーの2022,牡,3/6,青鹿,リオンディーズ,マーチャンテイマー,クロフネ,(有)千代田牧場,チヨダボクジョウ,(有)千代田牧場
"No.313
シャンボールフィズの2022
めす　2/3生　鹿毛
父：シスキン
母：シャンボールフィズ
母父：キングカメハメハ
販売者：ノーザンファーム",313,シャンボールフィズの2022,めす,2/3,鹿,シスキン,シャンボールフィズ,キングカメハメハ,ノーザンファーム,ノーザンファーム,ノーザンファーム
"No.314
リトルブックの2022
牡　4/18生　鹿毛
父：エピファネイア
母：リトルブック
母父：Librettist
販売者：(有)飛野牧場",314,リトルブックの2022,牡,4/18,鹿,エピファネイア,リトルブック,Librettist,(有)飛野牧場,トビノボクジョウ,(有)飛野牧場
"No.315
オレンドンの2022
牡　2/4生　栗毛
父：モーリス
母：オレンドン
母父：Le Havre
販売者：社台ファーム",315,オレンドンの2022,牡,2/4,栗,モーリス,オレンドン,Le Havre,社台ファーム,シャダイファーム,社台ファーム
"No.316
カゼルタの2022
牡　2/11生　栗毛
父：サートゥルナーリア
母：カゼルタ
母父：ハービンジャー
販売者：(有)ノーザンレーシング",316,カゼルタの2022,牡,2/11,栗,サートゥルナーリア,カゼルタ,ハービンジャー,(有)ノーザンレーシング,ノーザンレーシング,ノーザンファーム
"No.317
アンブルサイドの2022
めす　3/8生　鹿毛
父：オルフェーヴル
母：アンブルサイド
母父：ウォーエンブレム
販売者：社台ファーム",317,アンブルサイドの2022,めす,3/8,鹿,オルフェーヴル,アンブルサイド,ウォーエンブレム,社台ファーム,シャダイファーム,社台ファーム
"No.318
チークトゥチークの2022
牡　4/12生　芦毛
父：リアルスティール
母：チークトゥチーク
母父：クロフネ
販売者：(有)グランド牧場",318,チークトゥチークの2022,牡,4/12,芦,リアルスティール,チークトゥチーク,クロフネ,(有)グランド牧場,グランドボクジョウ,(有)グランド牧場
"No.319
ケルシャンスの2022
めす　2/25生　鹿毛
父：キタサンブラック
母：ケルシャンス
母父：Dubawi
販売者：ノーザンファーム",319,ケルシャンスの2022,めす,2/25,鹿,キタサンブラック,ケルシャンス,Dubawi,ノーザンファーム,ノーザンファーム,ノーザンファーム
"No.320
アルズギャルの2022
牡　3/12生　栗毛
父：カリフォルニアクローム
母：アルズギャル
母父：English Channel
販売者：(株)コスモビューティー",320,アルズギャルの2022,牡,3/12,栗,カリフォルニアクローム,アルズギャル,English Channel,(株)コスモビューティー,コスモビューティー,(有)岡田牧場
"No.321
サプルマインドの2022
めす　2/19生　鹿毛
父：ブリックスアンドモルタル
母：サプルマインド
母父：ディープインパクト
販売者：社台ファーム",321,サプルマインドの2022,めす,2/19,鹿,ブリックスアンドモルタル,サプルマインド,ディープインパクト,社台ファーム,シャダイファーム,社台ファーム
"No.322
ベルダムの2022
牡　2/8生　鹿毛
父：エピファネイア
母：ベルダム
母父：ディープインパクト
販売者：(有)ノーザンレーシング",322,ベルダムの2022,牡,2/8,鹿,エピファネイア,ベルダム,ディープインパクト,(有)ノーザンレーシング,ノーザンレーシング,ノーザンファーム
"No.323
ザッハーマインの2022
めす　3/18生　栗毛
父：マインドユアビスケッツ
母：ザッハーマイン
母父：Mineshaft
販売者：社台ファーム",323,ザッハーマインの2022,めす,3/18,栗,マインドユアビスケッツ,ザッハーマイン,Mineshaft,社台ファーム,シャダイファーム,社台ファーム
"No.324
アントハッティーの2022
牡　2/20生　鹿毛
父：American Pharoah
母：アントハッティー
母父：Camelot
販売者：(有)高昭牧場",324,アントハッティーの2022,牡,2/20,鹿,American Pharoah,アントハッティー,Camelot,(有)高昭牧場,コウショウボクジョウ,(有)高昭牧場
"No.325
アウェイクの2022
牡　2/21生　黒鹿毛
父：ブリックスアンドモルタル
母：アウェイク
母父：ディープインパクト
販売者：(有)ノーザンレーシング",325,アウェイクの2022,牡,2/21,黒鹿,ブリックスアンドモルタル,アウェイク,ディープインパクト,(有)ノーザンレーシング,ノーザンレーシング,ノーザンファーム
"No.326
欠場
　生　毛
父：
母：
母父：
販売者：",326,欠場,,,,,,,,,
"No.327
エルーセラの2022
牡　3/29生　芦毛
父：レッドファルクス
母：エルーセラ
母父：Spirit One
販売者：社台ファーム",327,エルーセラの2022,牡,3/29,芦,レッドファルクス,エルーセラ,Spirit One,社台ファーム,シャダイファーム,社台ファーム
"No.328
オーサムフェザーの2022
めす　2/19生　鹿毛
父：モーリス
母：オーサムフェザー
母父：Awesome of Course
販売者：(有)ノーザンレーシング",328,オーサムフェザーの2022,めす,2/19,鹿,モーリス,オーサムフェザー,Awesome of Course,(有)ノーザンレーシング,ノーザンレーシング,ノーザンファーム
"No.329
ラチェーヴェの2022
牡　2/2生　黒鹿毛
父：No Nay Never
母：ラチェーヴェ
母父：Danehill Dancer
販売者：岡田スタッド",329,ラチェーヴェの2022,牡,2/2,黒鹿,No Nay Never,ラチェーヴェ,Danehill Dancer,岡田スタッド,オカダスタッド,岡田スタッド
"No.330
ポジティブマインドの2022
牡　2/13生　栗毛
父：ドゥラメンテ
母：ポジティブマインド
母父：Equal Stripes
販売者：ノーザンファーム",330,ポジティブマインドの2022,牡,2/13,栗,ドゥラメンテ,ポジティブマインド,Equal Stripes,ノーザンファーム,ノーザンファーム,ノーザンファーム
"No.331
ジュエルオブナイルの2022
牡　2/8生　鹿毛
父：ナダル
母：ジュエルオブナイル
母父：デュランダル
販売者：社台ファーム",331,ジュエルオブナイルの2022,牡,2/8,鹿,ナダル,ジュエルオブナイル,デュランダル,社台ファーム,シャダイファーム,社台ファーム
"No.332
マニーズオンシャーロットの2022
めす　3/3生　鹿毛
父：ロードカナロア
母：マニーズオンシャーロット
母父：Mizzen Mast
販売者：吉田 俊介",332,マニーズオンシャーロットの2022,めす,3/3,鹿,ロードカナロア,マニーズオンシャーロット,Mizzen Mast,吉田 俊介,ヨシダシュンスケ,ノーザンファーム
"No.333
ホーリーウーマンの2022
牡　4/4生　栗毛
父：サートゥルナーリア
母：ホーリーウーマン
母父：Tawqeet
販売者：(株)アスラン",333,ホーリーウーマンの2022,牡,4/4,栗,サートゥルナーリア,ホーリーウーマン,Tawqeet,(株)アスラン,アスラン,(株)アスラン
"No.334
ファイネストシティの2022
牡　2/10生　鹿毛
父：キズナ
母：ファイネストシティ
母父：City Zip
販売者：(有)ノーザンレーシング",334,ファイネストシティの2022,牡,2/10,鹿,キズナ,ファイネストシティ,City Zip,(有)ノーザンレーシング,ノーザンレーシング,ノーザンファーム
"No.335
ブルーミングアレーの2022
牡　3/16生　栗毛
父：ブリックスアンドモルタル
母：ブルーミングアレー
母父：シンボリクリスエス
販売者：社台ファーム",335,ブルーミングアレーの2022,牡,3/16,栗,ブリックスアンドモルタル,ブルーミングアレー,シンボリクリスエス,社台ファーム,シャダイファーム,社台ファーム
"No.336
ワンカードトゥーメニーの2022
牡　3/7生　鹿毛
父：American Pharoah
母：ワンカードトゥーメニー
母父：Drosselmeyer
販売者：(有)岡田牧場",336,ワンカードトゥーメニーの2022,牡,3/7,鹿,American Pharoah,ワンカードトゥーメニー,Drosselmeyer,(有)岡田牧場,オカダボクジョウ,(有)岡田牧場
"No.337
スクールミストレスの2022
めす　1/20生　鹿毛
父：サトノダイヤモンド
母：スクールミストレス
母父：Equal Stripes
販売者：(有)ノーザンレーシング",337,スクールミストレスの2022,めす,1/20,鹿,サトノダイヤモンド,スクールミストレス,Equal Stripes,(有)ノーザンレーシング,ノーザンレーシング,ノーザンファーム
"No.338
リトルモンスターの2022
牡　2/8生　栗毛
父：ドゥラメンテ
母：リトルモンスター
母父：Into Mischief
販売者：社台ファーム",338,リトルモンスターの2022,牡,2/8,栗,ドゥラメンテ,リトルモンスター,Into Mischief,社台ファーム,シャダイファーム,社台ファーム
"No.339
ラルケットの2022
牡　2/10生　黒鹿毛
父：サートゥルナーリア
母：ラルケット
母父：ファルブラヴ
販売者：ノーザンファーム",339,ラルケットの2022,牡,2/10,黒鹿,サートゥルナーリア,ラルケット,ファルブラヴ,ノーザンファーム,ノーザンファーム,ノーザンファーム
"No.340
ワッツダチャンセズの2022
牡　2/16生　黒鹿毛
父：エピファネイア
母：ワッツダチャンセズ
母父：Diamond Green
販売者：追分ファーム",340,ワッツダチャンセズの2022,牡,2/16,黒鹿,エピファネイア,ワッツダチャンセズ,Diamond Green,追分ファーム,オイワケファーム,追分ファーム
"No.341
フラーテイシャスミスの2022
めす　1/28生　栗毛
父：ルヴァンスレーヴ
母：フラーテイシャスミス
母父：Mr.Greeley
販売者：(有)ノーザンレーシング",341,フラーテイシャスミスの2022,めす,1/28,栗,ルヴァンスレーヴ,フラーテイシャスミス,Mr.Greeley,(有)ノーザンレーシング,ノーザンレーシング,ノーザンファーム
"No.342
タニノアーバンシーの2022
牡　2/25生　鹿毛
父：ロードカナロア
母：タニノアーバンシー
母父：Sea The Stars
販売者：(有)千代田牧場",342,タニノアーバンシーの2022,牡,2/25,鹿,ロードカナロア,タニノアーバンシー,Sea The Stars,(有)千代田牧場,チヨダボクジョウ,(有)千代田牧場
"No.343
ブロンドヒロインの2022
めす　3/5生　鹿毛
父：ドレフォン
母：ブロンドヒロイン
母父：グラスワンダー
販売者：社台ファーム",343,ブロンドヒロインの2022,めす,3/5,鹿,ドレフォン,ブロンドヒロイン,グラスワンダー,社台ファーム,シャダイファーム,社台ファーム
"No.344
ハーレクイーンの2022
牡　2/11生　鹿毛
父：リアルスティール
母：ハーレクイーン
母父：Canford Cliffs
販売者：ノーザンファーム",344,ハーレクイーンの2022,牡,2/11,鹿,リアルスティール,ハーレクイーン,Canford Cliffs,ノーザンファーム,ノーザンファーム,ノーザンファーム
"No.345
カーリンホークの2022
めす　2/26生　鹿毛
父：モーリス
母：カーリンホーク
母父：Curlin
販売者：(有)下河辺牧場",345,カーリンホークの2022,めす,2/26,鹿,モーリス,カーリンホーク,Curlin,(有)下河辺牧場,シモコウベボクジョウ,(有)下河辺牧場
"No.346
ガーデニアの2022
牡　3/3生　鹿毛
父：サートゥルナーリア
母：ガーデニア
母父：Galileo
販売者：(有)グランド牧場",346,ガーデニアの2022,牡,3/3,鹿,サートゥルナーリア,ガーデニア,Galileo,(有)グランド牧場,グランドボクジョウ,(有)グランド牧場
"No.347
イルーシヴハピネスの2022
めす　2/25生　鹿毛
父：シルバーステート
母：イルーシヴハピネス
母父：Frankel
販売者：ノーザンファーム",347,イルーシヴハピネスの2022,めす,2/25,鹿,シルバーステート,イルーシヴハピネス,Frankel,ノーザンファーム,ノーザンファーム,ノーザンファーム
"No.348
アットザシーサイドの2022
牡　2/25生　栗毛
父：エピファネイア
母：アットザシーサイド
母父：キングカメハメハ
販売者：社台ファーム",348,アットザシーサイドの2022,牡,2/25,栗,エピファネイア,アットザシーサイド,キングカメハメハ,社台ファーム,シャダイファーム,社台ファーム
"No.349
ストームザヒルの2022
めす　2/20生　鹿毛
父：Nyquist
母：ストームザヒル
母父：Get Stormy
販売者：(有)パカパカファーム",349,ストームザヒルの2022,めす,2/20,鹿,Nyquist,ストームザヒル,Get Stormy,(有)パカパカファーム,パカパカファーム,(有)パカパカファーム
"No.350
ヴィアフィレンツェの2022
牡　2/8生　鹿毛
父：レイデオロ
母：ヴィアフィレンツェ
母父：Dansili
販売者：(有)ノーザンレーシング",350,ヴィアフィレンツェの2022,牡,2/8,鹿,レイデオロ,ヴィアフィレンツェ,Dansili,(有)ノーザンレーシング,ノーザンレーシング,ノーザンファーム
"No.351
ダイワパッションの2022
めす　1/29生　黒鹿毛
父：サートゥルナーリア
母：ダイワパッション
母父：フォーティナイナー
販売者：田上 徹",351,ダイワパッションの2022,めす,1/29,黒鹿,サートゥルナーリア,ダイワパッション,フォーティナイナー,田上 徹,タガミトオル,田上　徹
"No.352
トゥアーニーの2022
牡　1/28生　鹿毛
父：ドゥラメンテ
母：トゥアーニー
母父：Country Reel
販売者：(株)タイヘイ牧場",352,トゥアーニーの2022,牡,1/28,鹿,ドゥラメンテ,トゥアーニー,Country Reel,(株)タイヘイ牧場,タイヘイボクジョウ,(株)タイヘイ牧場
"No.353
シーズアタイガーの2022
めす　1/16生　栗毛
父：エピファネイア
母：シーズアタイガー
母父：Tale of the Cat
販売者：(有)ノーザンレーシング",353,シーズアタイガーの2022,めす,1/16,栗,エピファネイア,シーズアタイガー,Tale of the Cat,(有)ノーザンレーシング,ノーザンレーシング,ノーザンファーム
"No.354
マリアロワイヤルの2022
牡　2/16生　鹿毛
父：ロードカナロア
母：マリアロワイヤル
母父：Montjeu
販売者：社台ファーム",354,マリアロワイヤルの2022,牡,2/16,鹿,ロードカナロア,マリアロワイヤル,Montjeu,社台ファーム,シャダイファーム,社台ファーム
"No.355
パンデイアの2022
牡　2/4生　栗毛
父：ルヴァンスレーヴ
母：パンデイア
母父：ディープインパクト
販売者：ノーザンファーム",355,パンデイアの2022,牡,2/4,栗,ルヴァンスレーヴ,パンデイア,ディープインパクト,ノーザンファーム,ノーザンファーム,ノーザンファーム
"No.356
フリートバーティーの2022
牡　3/25生　鹿毛
父：Justify
母：フリートバーティー
母父：Afleet Alex
販売者：(株)松浦牧場",356,フリートバーティーの2022,牡,3/25,鹿,Justify,フリートバーティー,Afleet Alex,(株)松浦牧場,マツウラボクジョウ,(株)松浦牧場
"No.357
アトミカオロの2022
めす　2/14生　鹿毛
父：ドゥラメンテ
母：アトミカオロ
母父：Orpen
販売者：ノーザンファーム",357,アトミカオロの2022,めす,2/14,鹿,ドゥラメンテ,アトミカオロ,Orpen,ノーザンファーム,ノーザンファーム,ノーザンファーム
"No.358
アスカビレンの2022
牡　3/24生　鹿毛
父：ロードカナロア
母：アスカビレン
母父：ブラックタイド
販売者：(有)桑田牧場",358,アスカビレンの2022,牡,3/24,鹿,ロードカナロア,アスカビレン,ブラックタイド,(有)桑田牧場,クワタボクジョウ,(有)桑田牧場
"No.359
サザンスターズの2022
牡　2/14生　鹿毛
父：ミッキーアイル
母：サザンスターズ
母父：Smart Strike
販売者：社台ファーム",359,サザンスターズの2022,牡,2/14,鹿,ミッキーアイル,サザンスターズ,Smart Strike,社台ファーム,シャダイファーム,社台ファーム
"No.360
キラモサの2022
牡　2/11生　鹿毛
父：キズナ
母：キラモサ
母父：Alamosa
販売者：(有)ノーザンレーシング",360,キラモサの2022,牡,2/11,鹿,キズナ,キラモサ,Alamosa,(有)ノーザンレーシング,ノーザンレーシング,ノーザンファーム
"No.361
コミカルの2022
めす　1/29生　鹿毛
父：American Pharoah
母：コミカル
母父：Into Mischief
販売者：下屋敷牧場",361,コミカルの2022,めす,1/29,鹿,American Pharoah,コミカル,Into Mischief,下屋敷牧場,シモヤシキボクジョウ,下屋敷牧場
"No.362
ヒップホップスワンの2022
牡　2/22生　鹿毛
父：ニューイヤーズデイ
母：ヒップホップスワン
母父：Tiz Wonderful
販売者：ノーザンファーム",362,ヒップホップスワンの2022,牡,2/22,鹿,ニューイヤーズデイ,ヒップホップスワン,Tiz Wonderful,ノーザンファーム,ノーザンファーム,ノーザンファーム
"No.363
コンテッサトゥーレの2022
牡　2/18生　鹿毛
父：サートゥルナーリア
母：コンテッサトゥーレ
母父：ディープインパクト
販売者：社台ファーム",363,コンテッサトゥーレの2022,牡,2/18,鹿,サートゥルナーリア,コンテッサトゥーレ,ディープインパクト,社台ファーム,シャダイファーム,社台ファーム
"No.364
ゴールデンフレアーの2022
牡　2/13生　鹿毛
父：McKinzie
母：ゴールデンフレアー
母父：Medaglia d'Oro
販売者：(有)岡田牧場",364,ゴールデンフレアーの2022,牡,2/13,鹿,McKinzie,ゴールデンフレアー,Medaglia d'Oro,(有)岡田牧場,オカダボクジョウ,(有)岡田牧場
"No.365
レディデラウェアの2022
めす　1/28生　鹿毛
父：ドレフォン
母：レディデラウェア
母父：American Pharoah
販売者：吉田 俊介",365,レディデラウェアの2022,めす,1/28,鹿,ドレフォン,レディデラウェア,American Pharoah,吉田 俊介,ヨシダシュンスケ,ノーザンファーム
"No.366
アプリコットフィズの2022
牡　2/17生　鹿毛
父：ブリックスアンドモルタル
母：アプリコットフィズ
母父：ジャングルポケット
販売者：社台ファーム",366,アプリコットフィズの2022,牡,2/17,鹿,ブリックスアンドモルタル,アプリコットフィズ,ジャングルポケット,社台ファーム,シャダイファーム,社台ファーム
"No.367
モシーンの2022
牡　3/6生　鹿毛
父：エピファネイア
母：モシーン
母父：Fastnet Rock
販売者：(有)ノーザンレーシング",367,モシーンの2022,牡,3/6,鹿,エピファネイア,モシーン,Fastnet Rock,(有)ノーザンレーシング,ノーザンレーシング,ノーザンファーム
"No.368
ディアマイダーリンの2022
牡　3/13生　鹿毛
父：サートゥルナーリア
母：ディアマイダーリン
母父：ハーツクライ
販売者：追分ファーム",368,ディアマイダーリンの2022,牡,3/13,鹿,サートゥルナーリア,ディアマイダーリン,ハーツクライ,追分ファーム,オイワケファーム,追分ファーム
"No.369
エスポワールの2022
牡　1/18生　栗毛
父：ドゥラメンテ
母：エスポワール
母父：オルフェーヴル
販売者：(有)グレース",369,エスポワールの2022,牡,1/18,栗,ドゥラメンテ,エスポワール,オルフェーヴル,(有)グレース,グレース,ノーザンファーム
"No.370
プリュスの2022
牡　2/27生　鹿毛
父：キタサンブラック
母：プリュス
母父：ヴィクトワールピサ
販売者：社台ファーム",370,プリュスの2022,牡,2/27,鹿,キタサンブラック,プリュス,ヴィクトワールピサ,社台ファーム,シャダイファーム,社台ファーム
"No.371
パーシーズベストの2022
めす　2/19生　鹿毛
父：ルーラーシップ
母：パーシーズベスト
母父：ディープインパクト
販売者：ノーザンファーム",371,パーシーズベストの2022,めす,2/19,鹿,ルーラーシップ,パーシーズベスト,ディープインパクト,ノーザンファーム,ノーザンファーム,ノーザンファーム
"No.372
アナンジュパスの2022
牡　3/9生　鹿毛
父：エピファネイア
母：アナンジュパス
母父：ディープインパクト
販売者：岡田スタッド",372,アナンジュパスの2022,牡,3/9,鹿,エピファネイア,アナンジュパス,ディープインパクト,岡田スタッド,オカダスタッド,岡田スタッド
"No.373
カレドニアロードの2022
めす　2/14生　黒鹿毛
父：キズナ
母：カレドニアロード
母父：Quality Road
販売者：(有)グランド牧場",373,カレドニアロードの2022,めす,2/14,黒鹿,キズナ,カレドニアロード,Quality Road,(有)グランド牧場,グランドボクジョウ,(有)グランド牧場
"No.374
グローバルビューティの2022
牡　2/1生　鹿毛
父：リアルスティール
母：グローバルビューティ
母父：Global Hunter
販売者：(有)ノーザンレーシング",374,グローバルビューティの2022,牡,2/1,鹿,リアルスティール,グローバルビューティ,Global Hunter,(有)ノーザンレーシング,ノーザンレーシング,ノーザンファーム
"No.375
クードロアの2022
牡　3/21生　鹿毛
父：オルフェーヴル
母：クードロア
母父：ハードスパン
販売者：社台ファーム",375,クードロアの2022,牡,3/21,鹿,オルフェーヴル,クードロア,ハードスパン,社台ファーム,シャダイファーム,社台ファーム
"No.376
アンフィトリテⅡの2022
めす　3/1生　鹿毛
父：サトノダイヤモンド
母：アンフィトリテⅡ
母父：Sebring
販売者：(有)ノーザンレーシング",376,アンフィトリテⅡの2022,めす,3/1,鹿,サトノダイヤモンド,アンフィトリテⅡ,Sebring,(有)ノーザンレーシング,ノーザンレーシング,ノーザンファーム
"No.377
エストレチャダの2022
めす　3/11生　黒鹿毛
父：サートゥルナーリア
母：エストレチャダ
母父：Offlee Wild
販売者：(株)オリオンファーム",377,エストレチャダの2022,めす,3/11,黒鹿,サートゥルナーリア,エストレチャダ,Offlee Wild,(株)オリオンファーム,オリオンファーム,(株)オリオンファーム
"No.378
欠場
　生　毛
父：
母：
母父：
販売者：",378,欠場,,,,,,,,,
"No.379
サウンタの2022
牡　4/14生　黒鹿毛
父：ドゥラメンテ
母：サウンタ
母父：Invincible Spirit
販売者：坂本 智広",379,サウンタの2022,牡,4/14,黒鹿,ドゥラメンテ,サウンタ,Invincible Spirit,坂本 智広,サカモトトモヒロ,坂本　智広
"No.380
ヤマノフェアリーの2022
牡　2/25生　鹿毛
父：エピファネイア
母：ヤマノフェアリー
母父：ディープインパクト
販売者：(株)チャンピオンズファーム",380,ヤマノフェアリーの2022,牡,2/25,鹿,エピファネイア,ヤマノフェアリー,ディープインパクト,(株)チャンピオンズファーム,チャンピオンズファーム,(株)チャンピオンズファーム
"No.381
シェルズレイの2022
牡　2/4生　芦毛
父：シュヴァルグラン
母：シェルズレイ
母父：クロフネ
販売者：(有)ノーザンレーシング",381,シェルズレイの2022,牡,2/4,芦,シュヴァルグラン,シェルズレイ,クロフネ,(有)ノーザンレーシング,ノーザンレーシング,ノーザンファーム
"No.382
コレクターアイテムの2022
牡　2/26生　鹿毛
父：ロードカナロア
母：コレクターアイテム
母父：ハーツクライ
販売者：社台ファーム",382,コレクターアイテムの2022,牡,2/26,鹿,ロードカナロア,コレクターアイテム,ハーツクライ,社台ファーム,シャダイファーム,社台ファーム
"No.383
プレシャスライフの2022
牡　3/12生　鹿毛
父：サトノダイヤモンド
母：プレシャスライフ
母父：タイキシャトル
販売者：(有)千代田牧場",383,プレシャスライフの2022,牡,3/12,鹿,サトノダイヤモンド,プレシャスライフ,タイキシャトル,(有)千代田牧場,チヨダボクジョウ,(有)千代田牧場
"No.384
オーサムウインドの2022
牡　1/18生　栗毛
父：サートゥルナーリア
母：オーサムウインド
母父：ディープインパクト
販売者：(有)ノーザンレーシング",384,オーサムウインドの2022,牡,1/18,栗,サートゥルナーリア,オーサムウインド,ディープインパクト,(有)ノーザンレーシング,ノーザンレーシング,ノーザンファーム
"No.385
ゲットイクスプリシットの2022
牡　2/5生　鹿毛
父：American Pharoah
母：ゲットイクスプリシット
母父：Get Stormy
販売者：(有)パカパカファーム",385,ゲットイクスプリシットの2022,牡,2/5,鹿,American Pharoah,ゲットイクスプリシット,Get Stormy,(有)パカパカファーム,パカパカファーム,(有)パカパカファーム
"No.386
ミスエーニョの2022
めす　2/18生　鹿毛
父：キズナ
母：ミスエーニョ
母父：Pulpit
販売者：ノーザンファーム",386,ミスエーニョの2022,めす,2/18,鹿,キズナ,ミスエーニョ,Pulpit,ノーザンファーム,ノーザンファーム,ノーザンファーム
"No.387
クォリティシーズンの2022
牡　2/25生　黒鹿毛
父：ブリックスアンドモルタル
母：クォリティシーズン
母父：トワイニング
販売者：社台ファーム（共有代表）",387,クォリティシーズンの2022,牡,2/25,黒鹿,ブリックスアンドモルタル,クォリティシーズン,トワイニング,社台ファーム（共有代表）,シャダイファームキョウユウダイヒョウ,社台ファーム
"No.388
オージャイトの2022
牡　1/27生　鹿毛
父：シスキン
母：オージャイト
母父：キングカメハメハ
販売者：ノーザンファーム",388,オージャイトの2022,牡,1/27,鹿,シスキン,オージャイト,キングカメハメハ,ノーザンファーム,ノーザンファーム,ノーザンファーム
"No.389
パープルの2022
牡　3/11生　鹿毛
父：エピファネイア
母：パープル
母父：Galileo
販売者：(有)飛野牧場",389,パープルの2022,牡,3/11,鹿,エピファネイア,パープル,Galileo,(有)飛野牧場,トビノボクジョウ,(有)飛野牧場
"No.390
セレスタの2022
めす　2/12生　黒鹿毛
父：ミッキーアイル
母：セレスタ
母父：Jump Start
販売者：(有)ノーザンレーシング",390,セレスタの2022,めす,2/12,黒鹿,ミッキーアイル,セレスタ,Jump Start,(有)ノーザンレーシング,ノーザンレーシング,ノーザンファーム
"No.391
フィオドラの2022
牡　3/14生　鹿毛
父：キズナ
母：フィオドラ
母父：Lord of England
販売者：社台ファーム",391,フィオドラの2022,牡,3/14,鹿,キズナ,フィオドラ,Lord of England,社台ファーム,シャダイファーム,社台ファーム
"No.392
ダイアナヘイローの2022
牡　4/24生　鹿毛
父：ドレフォン
母：ダイアナヘイロー
母父：キングヘイロー
販売者：(株)駒秀",392,ダイアナヘイローの2022,牡,4/24,鹿,ドレフォン,ダイアナヘイロー,キングヘイロー,(株)駒秀,コマヒデ,(有)岡田牧場
"No.393
シャンパンエニワンの2022
牡　2/10生　鹿毛
父：ドゥラメンテ
母：シャンパンエニワン
母父：ストリートセンス
販売者：吉田 俊介",393,シャンパンエニワンの2022,牡,2/10,鹿,ドゥラメンテ,シャンパンエニワン,ストリートセンス,吉田 俊介,ヨシダシュンスケ,ノーザンファーム
"No.394
ランドガールの2022
牡　3/19生　鹿毛
父：Saxon Warrior
母：ランドガール
母父：War Front
販売者：田中 裕之",394,ランドガールの2022,牡,3/19,鹿,Saxon Warrior,ランドガール,War Front,田中 裕之,タナカヒロユキ,田中　裕之
"No.395
シャンハイロックの2022
牡　2/17生　青鹿毛
父：シルバーステート
母：シャンハイロック
母父：ロックオブジブラルタル
販売者：(有)新生ファーム",395,シャンハイロックの2022,牡,2/17,青鹿,シルバーステート,シャンハイロック,ロックオブジブラルタル,(有)新生ファーム,シンセイファーム,(有)新生ファーム
"No.396
オールドタイムワルツの2022
めす　2/25生　黒鹿毛
父：エピファネイア
母：オールドタイムワルツ
母父：War Front
販売者：(有)ノーザンレーシング",396,オールドタイムワルツの2022,めす,2/25,黒鹿,エピファネイア,オールドタイムワルツ,War Front,(有)ノーザンレーシング,ノーザンレーシング,ノーザンファーム
"No.397
ウィズアミッションの2022
牡　2/26生　栗毛
父：ダイワメジャー
母：ウィズアミッション
母父：Danehill Dancer
販売者：追分ファーム",397,ウィズアミッションの2022,牡,2/26,栗,ダイワメジャー,ウィズアミッション,Danehill Dancer,追分ファーム,オイワケファーム,追分ファーム
"No.398
レッドフィオナの2022
めす　3/6生　芦毛
父：ドゥラメンテ
母：レッドフィオナ
母父：ステイゴールド
販売者：社台ファーム",398,レッドフィオナの2022,めす,3/6,芦,ドゥラメンテ,レッドフィオナ,ステイゴールド,社台ファーム,シャダイファーム,社台ファーム
"No.399
チャーチクワイアの2022
牡　2/3生　鹿毛
父：レイデオロ
母：チャーチクワイア
母父：ネオユニヴァース
販売者：ノーザンファーム",399,チャーチクワイアの2022,牡,2/3,鹿,レイデオロ,チャーチクワイア,ネオユニヴァース,ノーザンファーム,ノーザンファーム,ノーザンファーム
"No.400
ブリッジクライムの2022
牡　2/19生　黒鹿毛
父：サートゥルナーリア
母：ブリッジクライム
母父：ゼンノロブロイ
販売者：社台ファーム",400,ブリッジクライムの2022,牡,2/19,黒鹿,サートゥルナーリア,ブリッジクライム,ゼンノロブロイ,社台ファーム,シャダイファーム,社台ファーム
"No.401
ワイルドラズベリーの2022
めす　1/29生　鹿毛
父：ロードカナロア
母：ワイルドラズベリー
母父：ファルブラヴ
販売者：ノーザンファーム",401,ワイルドラズベリーの2022,めす,1/29,鹿,ロードカナロア,ワイルドラズベリー,ファルブラヴ,ノーザンファーム,ノーザンファーム,ノーザンファーム
"No.402
クァンタムミスの2022
牡　2/2生　芦毛
父：ナダル
母：クァンタムミス
母父：Smoke Glacken
販売者：(株)田端牧場",402,クァンタムミスの2022,牡,2/2,芦,ナダル,クァンタムミス,Smoke Glacken,(株)田端牧場,タバタボクジョウ,(株)田端牧場
"No.403
クルミネイトの2022
牡　2/6生　栗毛
父：モーリス
母：クルミネイト
母父：ディープインパクト
販売者：ノーザンファーム",403,クルミネイトの2022,牡,2/6,栗,モーリス,クルミネイト,ディープインパクト,ノーザンファーム,ノーザンファーム,ノーザンファーム
"No.404
ブルーハワイアンの2022
牡　2/17生　黒鹿毛
父：ニューイヤーズデイ
母：ブルーハワイアン
母父：ハーツクライ
販売者：社台ファーム",404,ブルーハワイアンの2022,牡,2/17,黒鹿,ニューイヤーズデイ,ブルーハワイアン,ハーツクライ,社台ファーム,シャダイファーム,社台ファーム
"No.405
ミリオンドリームズの2022
牡　1/23生　黒鹿毛
父：エピファネイア
母：ミリオンドリームズ
母父：Frankel
販売者：(有)千代田牧場",405,ミリオンドリームズの2022,牡,1/23,黒鹿,エピファネイア,ミリオンドリームズ,Frankel,(有)千代田牧場,チヨダボクジョウ,(有)千代田牧場
"No.406
タムニアの2022
めす　1/25生　鹿毛
父：アドマイヤマーズ
母：タムニア
母父：Nathaniel
販売者：ノーザンファーム",406,タムニアの2022,めす,1/25,鹿,アドマイヤマーズ,タムニア,Nathaniel,ノーザンファーム,ノーザンファーム,ノーザンファーム
"No.407
カーリンズビーエフエフの2022
牡　4/25生　黒鹿毛
父：サートゥルナーリア
母：カーリンズビーエフエフ
母父：Curlin
販売者：(有)村上欽哉牧場",407,カーリンズビーエフエフの2022,牡,4/25,黒鹿,サートゥルナーリア,カーリンズビーエフエフ,Curlin,(有)村上欽哉牧場,ムラカミキンヤボクジョウ,(有)村上欽哉牧場
"No.408
ペルペトゥオの2022
牡　3/4生　鹿毛
父：サトノダイヤモンド
母：ペルペトゥオ
母父：Pioneerof the Nile
販売者：(有)ノーザンレーシング",408,ペルペトゥオの2022,牡,3/4,鹿,サトノダイヤモンド,ペルペトゥオ,Pioneerof the Nile,(有)ノーザンレーシング,ノーザンレーシング,ノーザンファーム
"No.409
ビスカリアの2022
牡　4/11生　栗毛
父：ブリックスアンドモルタル
母：ビスカリア
母父：ヴァーミリアン
販売者：岡田スタッド",409,ビスカリアの2022,牡,4/11,栗,ブリックスアンドモルタル,ビスカリア,ヴァーミリアン,岡田スタッド,オカダスタッド,岡田スタッド
"No.410
フローレスダンサーの2022
牡　3/23生　鹿毛
父：ロードカナロア
母：フローレスダンサー
母父：ハービンジャー
販売者：社台ファーム",410,フローレスダンサーの2022,牡,3/23,鹿,ロードカナロア,フローレスダンサー,ハービンジャー,社台ファーム,シャダイファーム,社台ファーム
"No.411
アルルの2022
めす　2/10生　鹿毛
父：キズナ
母：アルル
母父：Monsun
販売者：(有)ノーザンレーシング",411,アルルの2022,めす,2/10,鹿,キズナ,アルル,Monsun,(有)ノーザンレーシング,ノーザンレーシング,ノーザンファーム
"No.412
ムーンオブザシティーの2022
牡　2/18生　黒鹿毛
父：American Pharoah
母：ムーンオブザシティー
母父：City Banker
販売者：(有)谷川牧場",412,ムーンオブザシティーの2022,牡,2/18,黒鹿,American Pharoah,ムーンオブザシティー,City Banker,(有)谷川牧場,タニカワボクジョウ,(有)谷川牧場
"No.413
ラグプリンセスの2022
牡　2/24生　栗毛
父：ダイワメジャー
母：ラグプリンセス
母父：Union Rags
販売者：社台ファーム",413,ラグプリンセスの2022,牡,2/24,栗,ダイワメジャー,ラグプリンセス,Union Rags,社台ファーム,シャダイファーム,社台ファーム
"No.414
アデレードヒルの2022
牡　2/15生　鹿毛
父：ナダル
母：アデレードヒル
母父：ゴールドヘイロー
販売者：(有)ノーザンレーシング",414,アデレードヒルの2022,牡,2/15,鹿,ナダル,アデレードヒル,ゴールドヘイロー,(有)ノーザンレーシング,ノーザンレーシング,ノーザンファーム
"No.415
ラビルキンの2022
めす　1/14生　鹿毛
父：サトノダイヤモンド
母：ラビルキン
母父：Indygo Shiner
販売者：(株)ハクレイファーム",415,ラビルキンの2022,めす,1/14,鹿,サトノダイヤモンド,ラビルキン,Indygo Shiner,(株)ハクレイファーム,ハクレイファーム,(株)ハクレイファーム
"No.416
デルマキセキの2022
牡　2/25生　栗毛
父：ドゥラメンテ
母：デルマキセキ
母父：Scat Daddy
販売者：社台ファーム",416,デルマキセキの2022,牡,2/25,栗,ドゥラメンテ,デルマキセキ,Scat Daddy,社台ファーム,シャダイファーム,社台ファーム
"No.417
ノーブルリーズンの2022
めす　3/1生　鹿毛
父：ニューイヤーズデイ
母：ノーブルリーズン
母父：ネオユニヴァース
販売者：(有)ノーザンレーシング",417,ノーブルリーズンの2022,めす,3/1,鹿,ニューイヤーズデイ,ノーブルリーズン,ネオユニヴァース,(有)ノーザンレーシング,ノーザンレーシング,ノーザンファーム
"No.418
パッシフローラの2022
牡　3/17生　鹿毛
父：サートゥルナーリア
母：パッシフローラ
母父：ディープインパクト
販売者：(有)長浜牧場",418,パッシフローラの2022,牡,3/17,鹿,サートゥルナーリア,パッシフローラ,ディープインパクト,(有)長浜牧場,ナガハマボクジョウ,(有)長浜牧場
"No.419
シャンブルドットの2022
牡　3/12生　鹿毛
父：フィエールマン
母：シャンブルドット
母父：Lope de Vega
販売者：(有)ノーザンレーシング",419,シャンブルドットの2022,牡,3/12,鹿,フィエールマン,シャンブルドット,Lope de Vega,(有)ノーザンレーシング,ノーザンレーシング,ノーザンファーム
"No.420
ヴィクトリアズワイルドキャットの2022
牡　4/8生　栗毛
父：ドゥラメンテ
母：ヴィクトリアズワイルドキャット
母父：Bellamy Road
販売者：(有)高昭牧場",420,ヴィクトリアズワイルドキャットの2022,牡,4/8,栗,ドゥラメンテ,ヴィクトリアズワイルドキャット,Bellamy Road,(有)高昭牧場,コウショウボクジョウ,(有)高昭牧場
"No.421
スカーレルの2022
めす　3/29生　栗毛
父：ジャスタウェイ
母：スカーレル
母父：ゴールドアリュール
販売者：社台ファーム",421,スカーレルの2022,めす,3/29,栗,ジャスタウェイ,スカーレル,ゴールドアリュール,社台ファーム,シャダイファーム,社台ファーム
"No.422
ザフィーナの2022
牡　2/24生　鹿毛
父：Saxon Warrior
母：ザフィーナ
母父：Casamento
販売者：(有)パカパカファーム",422,ザフィーナの2022,牡,2/24,鹿,Saxon Warrior,ザフィーナ,Casamento,(有)パカパカファーム,パカパカファーム,(有)パカパカファーム
"No.423
ベルエポックの2022
牡　2/23生　鹿毛
父：ドレフォン
母：ベルエポック
母父：モーリス
販売者：(有)ノーザンレーシング",423,ベルエポックの2022,牡,2/23,鹿,ドレフォン,ベルエポック,モーリス,(有)ノーザンレーシング,ノーザンレーシング,ノーザンファーム
"No.424
クラリネットの2022
めす　4/1生　鹿毛
父：サトノダイヤモンド
母：クラリネット
母父：Giant's Causeway
販売者：(有)下河辺牧場",424,クラリネットの2022,めす,4/1,鹿,サトノダイヤモンド,クラリネット,Giant's Causeway,(有)下河辺牧場,シモコウベボクジョウ,(有)下河辺牧場
"No.425
ヤマカツマリリンの2022
牡　4/26生　鹿毛
父：ロードカナロア
母：ヤマカツマリリン
母父：グラスワンダー
販売者：(有)岡田牧場",425,ヤマカツマリリンの2022,牡,4/26,鹿,ロードカナロア,ヤマカツマリリン,グラスワンダー,(有)岡田牧場,オカダボクジョウ,(有)岡田牧場
"No.426
ラーゴブルーの2022
めす　2/9生　鹿毛
父：エピファネイア
母：ラーゴブルー
母父：ハーツクライ
販売者：(有)ノーザンレーシング",426,ラーゴブルーの2022,めす,2/9,鹿,エピファネイア,ラーゴブルー,ハーツクライ,(有)ノーザンレーシング,ノーザンレーシング,ノーザンファーム
"No.427
マイダイアリーの2022
牡　2/1生　鹿毛
父：キズナ
母：マイダイアリー
母父：Frankel
販売者：田所 英子",427,マイダイアリーの2022,牡,2/1,鹿,キズナ,マイダイアリー,Frankel,田所 英子,タドコロエイコ,(有)北島牧場
"No.428
ドロウアカードの2022
牡　3/20生　黒鹿毛
父：ブリックスアンドモルタル
母：ドロウアカード
母父：ダイワメジャー
販売者：社台ファーム",428,ドロウアカードの2022,牡,3/20,黒鹿,ブリックスアンドモルタル,ドロウアカード,ダイワメジャー,社台ファーム,シャダイファーム,社台ファーム
"No.429
トレジャリングの2022
牡　1/30生　栗毛
父：アドマイヤマーズ
母：トレジャリング
母父：Havana Gold
販売者：(有)ノーザンレーシング",429,トレジャリングの2022,牡,1/30,栗,アドマイヤマーズ,トレジャリング,Havana Gold,(有)ノーザンレーシング,ノーザンレーシング,ノーザンファーム
"No.430
クリッパールートの2022
牡　1/27生　栗毛
父：ヘニーヒューズ
母：クリッパールート
母父：シンボリクリスエス
販売者：追分ファーム",430,クリッパールートの2022,牡,1/27,栗,ヘニーヒューズ,クリッパールート,シンボリクリスエス,追分ファーム,オイワケファーム,追分ファーム
"No.431
ギモーヴの2022
めす　2/12生　黒鹿毛
父：キタサンブラック
母：ギモーヴ
母父：ハービンジャー
販売者：(有)ノーザンレーシング",431,ギモーヴの2022,めす,2/12,黒鹿,キタサンブラック,ギモーヴ,ハービンジャー,(有)ノーザンレーシング,ノーザンレーシング,ノーザンファーム
"No.432
アメリカンソングの2022
牡　4/3生　黒鹿毛
父：American Pharoah
母：アメリカンソング
母父：Stripes Song
販売者：(有)グランド牧場",432,アメリカンソングの2022,牡,4/3,黒鹿,American Pharoah,アメリカンソング,Stripes Song,(有)グランド牧場,グランドボクジョウ,(有)グランド牧場
"No.433
ロングホットサマーの2022
牡　3/17生　鹿毛
父：サトノダイヤモンド
母：ロングホットサマー
母父：Street Boss
販売者：社台ファーム",433,ロングホットサマーの2022,牡,3/17,鹿,サトノダイヤモンド,ロングホットサマー,Street Boss,社台ファーム,シャダイファーム,社台ファーム
"No.434
エリーシエズワールドの2022
牡　2/15生　鹿毛
父：Saxon Warrior
母：エリーシエズワールド
母父：Champs Elysees
販売者：(有)ノーザンレーシング",434,エリーシエズワールドの2022,牡,2/15,鹿,Saxon Warrior,エリーシエズワールド,Champs Elysees,(有)ノーザンレーシング,ノーザンレーシング,ノーザンファーム
"No.435
アイアムカミノマゴの2022
牡　3/22生　栗毛
父：エピファネイア
母：アイアムカミノマゴ
母父：アグネスタキオン
販売者：(有)矢野牧場",435,アイアムカミノマゴの2022,牡,3/22,栗,エピファネイア,アイアムカミノマゴ,アグネスタキオン,(有)矢野牧場,ヤノボクジョウ,(有)矢野牧場
"No.436
マリブウィンの2022
牡　3/16生　栗毛
父：モーリス
母：マリブウィン
母父：Malibu Moon
販売者：(有)須崎牧場",436,マリブウィンの2022,牡,3/16,栗,モーリス,マリブウィン,Malibu Moon,(有)須崎牧場,スザキボクジョウ,(有)須崎牧場
"No.437
エスケイプクローズの2022
めす　2/22生　鹿毛
父：ドゥラメンテ
母：エスケイプクローズ
母父：Going Commando
販売者：吉田 俊介",437,エスケイプクローズの2022,めす,2/22,鹿,ドゥラメンテ,エスケイプクローズ,Going Commando,吉田 俊介,ヨシダシュンスケ,ノーザンファーム
"No.438
マラコンセハダの2022
牡　2/15生　栗毛
父：ダイワメジャー
母：マラコンセハダ
母父：Zensational
販売者：(有)新冠橋本牧場",438,マラコンセハダの2022,牡,2/15,栗,ダイワメジャー,マラコンセハダ,Zensational,(有)新冠橋本牧場,ニイカップハシモトボクジョウ,(有)新冠橋本牧場
"No.439
エクスプレスレーンの2022
牡　3/6生　鹿毛
父：マインドユアビスケッツ
母：エクスプレスレーン
母父：ディープインパクト
販売者：社台ファーム",439,エクスプレスレーンの2022,牡,3/6,鹿,マインドユアビスケッツ,エクスプレスレーン,ディープインパクト,社台ファーム,シャダイファーム,社台ファーム
"No.440
ビキニブロンドの2022
牡　2/22生　鹿毛
父：ブリックスアンドモルタル
母：ビキニブロンド
母父：キングカメハメハ
販売者：(有)ノーザンレーシング",440,ビキニブロンドの2022,牡,2/22,鹿,ブリックスアンドモルタル,ビキニブロンド,キングカメハメハ,(有)ノーザンレーシング,ノーザンレーシング,ノーザンファーム
"No.441
グレイトペイジの2022
牡　1/24生　黒鹿毛
父：エピファネイア
母：グレイトペイジ
母父：Roderic O'Connor
販売者：(株)タイヘイ牧場",441,グレイトペイジの2022,牡,1/24,黒鹿,エピファネイア,グレイトペイジ,Roderic O'Connor,(株)タイヘイ牧場,タイヘイボクジョウ,(株)タイヘイ牧場
"No.442
エンパイアブレイクの2022
牡　3/12生　黒鹿毛
父：キズナ
母：エンパイアブレイク
母父：エンパイアメーカー
販売者：(有)千代田牧場",442,エンパイアブレイクの2022,牡,3/12,黒鹿,キズナ,エンパイアブレイク,エンパイアメーカー,(有)千代田牧場,チヨダボクジョウ,(有)千代田牧場
"No.443
パーリーアヴェニューの2022
めす　2/15生　鹿毛
父：サトノダイヤモンド
母：パーリーアヴェニュー
母父：Anabaa
販売者：ノーザンファーム",443,パーリーアヴェニューの2022,めす,2/15,鹿,サトノダイヤモンド,パーリーアヴェニュー,Anabaa,ノーザンファーム,ノーザンファーム,ノーザンファーム
"No.444
フェイブルネージュの2022
牡　1/30生　鹿毛
父：ルーラーシップ
母：フェイブルネージュ
母父：ディープインパクト
販売者：社台ファーム",444,フェイブルネージュの2022,牡,1/30,鹿,ルーラーシップ,フェイブルネージュ,ディープインパクト,社台ファーム,シャダイファーム,社台ファーム
"No.445
ディヴァインプレゼンスの2022
めす　3/26生　鹿毛
父：Karakontie
母：ディヴァインプレゼンス
母父：A.P.Indy
販売者：(株)レジェンドファーム",445,ディヴァインプレゼンスの2022,めす,3/26,鹿,Karakontie,ディヴァインプレゼンス,A.P.Indy,(株)レジェンドファーム,レジェンドファーム,(株)レジェンドファーム
"No.446
アイスパステルの2022
牡　3/17生　鹿毛
父：ドレフォン
母：アイスパステル
母父：Shackleford
販売者：(有)ノーザンレーシング",446,アイスパステルの2022,牡,3/17,鹿,ドレフォン,アイスパステル,Shackleford,(有)ノーザンレーシング,ノーザンレーシング,ノーザンファーム
"No.447
レーヴルシードの2022
めす　3/12生　鹿毛
父：モーリス
母：レーヴルシード
母父：ディープインパクト
販売者：(株)ハシモトファーム",447,レーヴルシードの2022,めす,3/12,鹿,モーリス,レーヴルシード,ディープインパクト,(株)ハシモトファーム,ハシモトファーム,(株)ハシモトファーム
"No.448
ランドスケープの2022
牡　2/19生　黒鹿毛
父：イスラボニータ
母：ランドスケープ
母父：ジャスタウェイ
販売者：社台ファーム",448,ランドスケープの2022,牡,2/19,黒鹿,イスラボニータ,ランドスケープ,ジャスタウェイ,社台ファーム,シャダイファーム,社台ファーム
"No.449
プティフォリーの2022
めす　3/7生　鹿毛
父：リアルスティール
母：プティフォリー
母父：Australia
販売者：(有)ノーザンレーシング",449,プティフォリーの2022,めす,3/7,鹿,リアルスティール,プティフォリー,Australia,(有)ノーザンレーシング,ノーザンレーシング,ノーザンファーム
"No.450
ジャストアスミッジの2022
牡　2/12生　芦毛
父：ロードカナロア
母：ジャストアスミッジ
母父：Into Mischief
販売者：田上 徹",450,ジャストアスミッジの2022,牡,2/12,芦,ロードカナロア,ジャストアスミッジ,Into Mischief,田上 徹,タガミトオル,田上　徹
"No.451
ティズトレメンダスの2022
牡　3/16生　栗毛
父：ダイワメジャー
母：ティズトレメンダス
母父：Tiz Wonderful
販売者：岡田スタッド",451,ティズトレメンダスの2022,牡,3/16,栗,ダイワメジャー,ティズトレメンダス,Tiz Wonderful,岡田スタッド,オカダスタッド,岡田スタッド
"No.452
リリレフアの2022
牡　2/2生　鹿毛
父：スワーヴリチャード
母：リリレフア
母父：ロードカナロア
販売者：ノーザンファーム",452,リリレフアの2022,牡,2/2,鹿,スワーヴリチャード,リリレフア,ロードカナロア,ノーザンファーム,ノーザンファーム,ノーザンファーム
"No.453
ヴェリタスマリコの2022
牡　2/7生　栗毛
父：ヘニーヒューズ
母：ヴェリタスマリコ
母父：キングカメハメハ
販売者：(有)岡田牧場",453,ヴェリタスマリコの2022,牡,2/7,栗,ヘニーヒューズ,ヴェリタスマリコ,キングカメハメハ,(有)岡田牧場,オカダボクジョウ,(有)岡田牧場
"No.454
ミスイヴァノヴィックの2022
牡　2/13生　鹿毛
父：リアルスティール
母：ミスイヴァノヴィック
母父：Captain Rio
販売者：(株)アスラン",454,ミスイヴァノヴィックの2022,牡,2/13,鹿,リアルスティール,ミスイヴァノヴィック,Captain Rio,(株)アスラン,アスラン,(株)アスラン
"No.455
フレイムタワーの2022
めす　1/15生　栗毛
父：ルヴァンスレーヴ
母：フレイムタワー
母父：ハーツクライ
販売者：(有)ノーザンレーシング",455,フレイムタワーの2022,めす,1/15,栗,ルヴァンスレーヴ,フレイムタワー,ハーツクライ,(有)ノーザンレーシング,ノーザンレーシング,ノーザンファーム
"No.456
ヴェルメンティーノの2022
牡　3/30生　鹿毛
父：リオンディーズ
母：ヴェルメンティーノ
母父：ダイワメジャー
販売者：社台ファーム",456,ヴェルメンティーノの2022,牡,3/30,鹿,リオンディーズ,ヴェルメンティーノ,ダイワメジャー,社台ファーム,シャダイファーム,社台ファーム
"No.457
インクレセントの2022
めす　1/31生　黒鹿毛
父：シスキン
母：インクレセント
母父：アグネスタキオン
販売者：追分ファーム",457,インクレセントの2022,めす,1/31,黒鹿,シスキン,インクレセント,アグネスタキオン,追分ファーム,オイワケファーム,追分ファーム
"No.458
ファディラーの2022
牡　1/31生　鹿毛
父：ミッキーアイル
母：ファディラー
母父：Monsun
販売者：(有)ノーザンレーシング",458,ファディラーの2022,牡,1/31,鹿,ミッキーアイル,ファディラー,Monsun,(有)ノーザンレーシング,ノーザンレーシング,ノーザンファーム
"No.459
レジェンディストの2022
めす　2/20生　鹿毛
父：ナダル
母：レジェンディスト
母父：エンパイアメーカー
販売者：社台ファーム",459,レジェンディストの2022,めす,2/20,鹿,ナダル,レジェンディスト,エンパイアメーカー,社台ファーム,シャダイファーム,社台ファーム
"No.460
キャストインシルバーの2022
牡　4/28生　鹿毛
父：McKinzie
母：キャストインシルバー
母父：City Zip
販売者：フィールドラック(株)",460,キャストインシルバーの2022,牡,4/28,鹿,McKinzie,キャストインシルバー,City Zip,フィールドラック(株),フィールドラック,木村　秀則
"No.461
ランウェイデビューの2022
めす　2/28生　鹿毛
父：フィエールマン
母：ランウェイデビュー
母父：ストロングリターン
販売者：ノーザンファーム",461,ランウェイデビューの2022,めす,2/28,鹿,フィエールマン,ランウェイデビュー,ストロングリターン,ノーザンファーム,ノーザンファーム,ノーザンファーム
"No.462
アディクションの2022
牡　4/18生　芦毛
父：リオンディーズ
母：アディクション
母父：ハーツクライ
販売者：(株)オリオンファーム",462,アディクションの2022,牡,4/18,芦,リオンディーズ,アディクション,ハーツクライ,(株)オリオンファーム,オリオンファーム,(株)オリオンファーム
"No.463
レネーズタイタンの2022
めす　3/19生　鹿毛
父：キズナ
母：レネーズタイタン
母父：Bernstein
販売者：ラトロワンヌ(株)（共有代表）",463,レネーズタイタンの2022,めす,3/19,鹿,キズナ,レネーズタイタン,Bernstein,ラトロワンヌ(株)（共有代表）,ラトロワンヌ,(有)三嶋牧場
"No.464
キャリコの2022
牡　1/31生　鹿毛
父：モーリス
母：キャリコ
母父：ディープインパクト
販売者：(有)ノーザンレーシング",464,キャリコの2022,牡,1/31,鹿,モーリス,キャリコ,ディープインパクト,(有)ノーザンレーシング,ノーザンレーシング,ノーザンファーム
"No.465
キャットタングの2022
めす　2/11生　鹿毛
父：アルアイン
母：キャットタング
母父：Tapit
販売者：社台ファーム",465,キャットタングの2022,めす,2/11,鹿,アルアイン,キャットタング,Tapit,社台ファーム,シャダイファーム,社台ファーム
"No.466
アルマリンピアの2022
牡　3/1生　鹿毛
父：リアルスティール
母：アルマリンピア
母父：タイキシャトル
販売者：(有)千代田牧場",466,アルマリンピアの2022,牡,3/1,鹿,リアルスティール,アルマリンピア,タイキシャトル,(有)千代田牧場,チヨダボクジョウ,(有)千代田牧場
"No.467
ラテラスの2022
めす　3/18生　栗毛
父：アドマイヤマーズ
母：ラテラス
母父：Harlan's Holiday
販売者：(有)ノーザンレーシング",467,ラテラスの2022,めす,3/18,栗,アドマイヤマーズ,ラテラス,Harlan's Holiday,(有)ノーザンレーシング,ノーザンレーシング,ノーザンファーム
"No.468
カンカンガールの2022
牡　2/28生　栗毛
父：ダイワメジャー
母：カンカンガール
母父：Exchange Rate
販売者：社台ファーム",468,カンカンガールの2022,牡,2/28,栗,ダイワメジャー,カンカンガール,Exchange Rate,社台ファーム,シャダイファーム,社台ファーム
"No.469
イースターアイランドの2022
めす　2/19生　栗毛
父：ドレフォン
母：イースターアイランド
母父：Giant's Causeway
販売者：(有)日高大洋牧場",469,イースターアイランドの2022,めす,2/19,栗,ドレフォン,イースターアイランド,Giant's Causeway,(有)日高大洋牧場,ヒダカタイヨウボクジョウ,(有)日高大洋牧場
"No.470
エレクトラムの2022
牡　3/1生　鹿毛
父：キズナ
母：エレクトラム
母父：High Chaparral
販売者：(有)ノーザンレーシング",470,エレクトラムの2022,牡,3/1,鹿,キズナ,エレクトラム,High Chaparral,(有)ノーザンレーシング,ノーザンレーシング,ノーザンファーム
"No.471
シャイニングパスの2022
めす　3/6生　鹿毛
父：ルーラーシップ
母：シャイニングパス
母父：Raven's Pass
販売者：(有)谷川牧場",471,シャイニングパスの2022,めす,3/6,鹿,ルーラーシップ,シャイニングパス,Raven's Pass,(有)谷川牧場,タニカワボクジョウ,(有)谷川牧場
"No.472
レディニンジャの2022
牡　3/6生　鹿毛
父：Nyquist
母：レディニンジャ
母父：Majesticperfection
販売者：下屋敷牧場",472,レディニンジャの2022,牡,3/6,鹿,Nyquist,レディニンジャ,Majesticperfection,下屋敷牧場,シモヤシキボクジョウ,下屋敷牧場
"No.473
レッドラヴィータの2022
めす　2/14生　栗毛
父：ドレフォン
母：レッドラヴィータ
母父：スペシャルウィーク
販売者：(有)ノーザンレーシング",473,レッドラヴィータの2022,めす,2/14,栗,ドレフォン,レッドラヴィータ,スペシャルウィーク,(有)ノーザンレーシング,ノーザンレーシング,ノーザンファーム
"No.474
ミスラゴの2022
牡　2/9生　栗毛
父：ミッキーアイル
母：ミスラゴ
母父：Encosta De Lago
販売者：(株)Coco＆Co．",474,ミスラゴの2022,牡,2/9,栗,ミッキーアイル,ミスラゴ,Encosta De Lago,(株)Coco＆Co．,ココアンドコー,(株)門別牧場
"No.475
キラークイーンの2022
めす　2/25生　黒鹿毛
父：サトノクラウン
母：キラークイーン
母父：マジェスティックウォリアー
販売者：社台ファーム",475,キラークイーンの2022,めす,2/25,黒鹿,サトノクラウン,キラークイーン,マジェスティックウォリアー,社台ファーム,シャダイファーム,社台ファーム
"No.476
チェロキーメイドンの2022
めす　2/2生　鹿毛
父：キズナ
母：チェロキーメイドン
母父：Distorted Humor
販売者：(有)グランド牧場",476,チェロキーメイドンの2022,めす,2/2,鹿,キズナ,チェロキーメイドン,Distorted Humor,(有)グランド牧場,グランドボクジョウ,(有)グランド牧場
"No.477
ミスティックリップスの2022
牡　2/11生　黒鹿毛
父：キタサンブラック
母：ミスティックリップス
母父：ジェネラス
販売者：ノーザンファーム",477,ミスティックリップスの2022,牡,2/11,黒鹿,キタサンブラック,ミスティックリップス,ジェネラス,ノーザンファーム,ノーザンファーム,ノーザンファーム
"No.478
フレジエの2022
めす　2/26生　鹿毛
父：リアルスティール
母：フレジエ
母父：ハービンジャー
販売者：浦野 和由",478,フレジエの2022,めす,2/26,鹿,リアルスティール,フレジエ,ハービンジャー,浦野 和由,ウラノカズヨシ,中田　英樹
"No.479
レインオンザデューンの2022
牡　3/2生　鹿毛
父：ドゥラメンテ
母：レインオンザデューン
母父：Frankel
販売者：(有)飛野牧場",479,レインオンザデューンの2022,牡,3/2,鹿,ドゥラメンテ,レインオンザデューン,Frankel,(有)飛野牧場,トビノボクジョウ,(有)飛野牧場
"No.480
アルギュロスの2022
めす　2/9生　黒鹿毛
父：サトノクラウン
母：アルギュロス
母父：マンハッタンカフェ
販売者：ノーザンファーム",480,アルギュロスの2022,めす,2/9,黒鹿,サトノクラウン,アルギュロス,マンハッタンカフェ,ノーザンファーム,ノーザンファーム,ノーザンファーム
"No.481
アンジュシュエットの2022
牡　4/9生　栗毛
父：オルフェーヴル
母：アンジュシュエット
母父：フレンチデピュティ
販売者：(有)桑田牧場",481,アンジュシュエットの2022,牡,4/9,栗,オルフェーヴル,アンジュシュエット,フレンチデピュティ,(有)桑田牧場,クワタボクジョウ,(有)桑田牧場
"No.482
リードザウインドの2022
めす　3/21生　鹿毛
父：シュヴァルグラン
母：リードザウインド
母父：キンシャサノキセキ
販売者：社台ファーム",482,リードザウインドの2022,めす,3/21,鹿,シュヴァルグラン,リードザウインド,キンシャサノキセキ,社台ファーム,シャダイファーム,社台ファーム
"No.483
アソルータの2022
牡　1/30生　栗毛
父：ハービンジャー
母：アソルータ
母父：ゼンノロブロイ
販売者：ノーザンファーム",483,アソルータの2022,牡,1/30,栗,ハービンジャー,アソルータ,ゼンノロブロイ,ノーザンファーム,ノーザンファーム,ノーザンファーム
"No.484
ローズカリーナの2022
牡　3/30生　鹿毛
父：キタサンブラック
母：ローズカリーナ
母父：ハービンジャー
販売者：(有)岡田牧場（共有代表）",484,ローズカリーナの2022,牡,3/30,鹿,キタサンブラック,ローズカリーナ,ハービンジャー,(有)岡田牧場（共有代表）,オカダボクジョウ,(有)岡田牧場
"No.485
サンタフェチーフの2022
めす　3/9生　鹿毛
父：フィエールマン
母：サンタフェチーフ
母父：Wiesenpfad
販売者：(有)ノーザンレーシング",485,サンタフェチーフの2022,めす,3/9,鹿,フィエールマン,サンタフェチーフ,Wiesenpfad,(有)ノーザンレーシング,ノーザンレーシング,ノーザンファーム
"No.486
サマーローズの2022
牡　2/4生　鹿毛
父：ミッキーアイル
母：サマーローズ
母父：ハービンジャー
販売者：追分ファーム",486,サマーローズの2022,牡,2/4,鹿,ミッキーアイル,サマーローズ,ハービンジャー,追分ファーム,オイワケファーム,追分ファーム
"No.487
メジャーフォルムの2022
めす　2/7生　栗毛
父：ブリックスアンドモルタル
母：メジャーフォルム
母父：ダイワメジャー
販売者：社台ファーム",487,メジャーフォルムの2022,めす,2/7,栗,ブリックスアンドモルタル,メジャーフォルム,ダイワメジャー,社台ファーム,シャダイファーム,社台ファーム
"No.488
メダリオンモチーフの2022
牡　3/4生　鹿毛
父：ミスターメロディ
母：メダリオンモチーフ
母父：キングカメハメハ
販売者：(有)ノーザンレーシング",488,メダリオンモチーフの2022,牡,3/4,鹿,ミスターメロディ,メダリオンモチーフ,キングカメハメハ,(有)ノーザンレーシング,ノーザンレーシング,ノーザンファーム
"No.489
セルフプリザヴェーションの2022
めす　3/7生　栗毛
父：エピファネイア
母：セルフプリザヴェーション
母父：Lion Heart
販売者：(有)パカパカファーム",489,セルフプリザヴェーションの2022,めす,3/7,栗,エピファネイア,セルフプリザヴェーション,Lion Heart,(有)パカパカファーム,パカパカファーム,(有)パカパカファーム
"No.490
ビーコンターンの2022
牡　4/17生　鹿毛
父：キズナ
母：ビーコンターン
母父：Shamardal
販売者：岡田スタッド",490,ビーコンターンの2022,牡,4/17,鹿,キズナ,ビーコンターン,Shamardal,岡田スタッド,オカダスタッド,岡田スタッド
"No.491
リアオリヴィアの2022
めす　1/13生　鹿毛
父：ナダル
母：リアオリヴィア
母父：ディープインパクト
販売者：(有)ノーザンレーシング",491,リアオリヴィアの2022,めす,1/13,鹿,ナダル,リアオリヴィア,ディープインパクト,(有)ノーザンレーシング,ノーザンレーシング,ノーザンファーム
"No.492
ピリカクルの2022
牡　2/26生　鹿毛
父：サトノアラジン
母：ピリカクル
母父：オルフェーヴル
販売者：社台ファーム",492,ピリカクルの2022,牡,2/26,鹿,サトノアラジン,ピリカクル,オルフェーヴル,社台ファーム,シャダイファーム,社台ファーム
"No.493
ミリオンセラーⅡの2022
牡　3/6生　黒鹿毛
父：リオンディーズ
母：ミリオンセラーⅡ
母父：A.P.Indy
販売者：(有)千代田牧場",493,ミリオンセラーⅡの2022,牡,3/6,黒鹿,リオンディーズ,ミリオンセラーⅡ,A.P.Indy,(有)千代田牧場,チヨダボクジョウ,(有)千代田牧場
"No.494
レーヴドゥラメールの2022
牡　2/27生　鹿毛
父：キタサンブラック
母：レーヴドゥラメール
母父：ロードカナロア
販売者：吉田 俊介",494,レーヴドゥラメールの2022,牡,2/27,鹿,キタサンブラック,レーヴドゥラメール,ロードカナロア,吉田 俊介,ヨシダシュンスケ,ノーザンファーム
"No.495
オッティマルーチェの2022
めす　2/10生　鹿毛
父：ミッキーアイル
母：オッティマルーチェ
母父：Fusaichi Pegasus
販売者：社台ファーム",495,オッティマルーチェの2022,めす,2/10,鹿,ミッキーアイル,オッティマルーチェ,Fusaichi Pegasus,社台ファーム,シャダイファーム,社台ファーム
"No.496
アグネスナチュラルの2022
牡　4/23生　鹿毛
父：ロードカナロア
母：アグネスナチュラル
母父：サクラバクシンオー
販売者：(有)高昭牧場",496,アグネスナチュラルの2022,牡,4/23,鹿,ロードカナロア,アグネスナチュラル,サクラバクシンオー,(有)高昭牧場,コウショウボクジョウ,(有)高昭牧場
"No.497
トスアップの2022
めす　3/17生　鹿毛
父：サトノアラジン
母：トスアップ
母父：ジャスタウェイ
販売者：(有)ノーザンレーシング",497,トスアップの2022,めす,3/17,鹿,サトノアラジン,トスアップ,ジャスタウェイ,(有)ノーザンレーシング,ノーザンレーシング,ノーザンファーム
"No.498
欠場
　生　毛
父：
母：
母父：
販売者：",498,欠場,,,,,,,,,
"No.499
アッシュケークの2022
牡　4/26生　栗毛
父：ミッキーアイル
母：アッシュケーク
母父：タイキシャトル
販売者：(有)大狩部牧場",499,アッシュケークの2022,牡,4/26,栗,ミッキーアイル,アッシュケーク,タイキシャトル,(有)大狩部牧場,オオカリベボクジョウ,(有)大狩部牧場
"No.500
イェーガーオレンジの2022
牡　1/27生　黒鹿毛
父：ブリックスアンドモルタル
母：イェーガーオレンジ
母父：ダイワメジャー
販売者：ノーザンファーム",500,イェーガーオレンジの2022,牡,1/27,黒鹿,ブリックスアンドモルタル,イェーガーオレンジ,ダイワメジャー,ノーザンファーム,ノーザンファーム,ノーザンファーム
"No.501
ハンティングシーズンの2022
めす　2/14生　黒鹿毛
父：Caravaggio
母：ハンティングシーズン
母父：Pioneerof the Nile
販売者：(有)下河辺牧場",501,ハンティングシーズンの2022,めす,2/14,黒鹿,Caravaggio,ハンティングシーズン,Pioneerof the Nile,(有)下河辺牧場,シモコウベボクジョウ,(有)下河辺牧場
"No.502
ウエスタンビジューの2022
牡　4/13生　鹿毛
父：ダイワメジャー
母：ウエスタンビジュー
母父：エンパイアメーカー
販売者：(株)ウエスタンファーム",502,ウエスタンビジューの2022,牡,4/13,鹿,ダイワメジャー,ウエスタンビジュー,エンパイアメーカー,(株)ウエスタンファーム,ウエスタンファーム,(株)ウエスタンファーム
"No.503
プリンセスノンコの2022
めす　2/13生　鹿毛
父：トーセンラー
母：プリンセスノンコ
母父：Orb
販売者：社台ファーム",503,プリンセスノンコの2022,めす,2/13,鹿,トーセンラー,プリンセスノンコ,Orb,社台ファーム,シャダイファーム,社台ファーム
"No.504
サクレディーヴァの2022
牡　4/6生　鹿毛
父：オルフェーヴル
母：サクレディーヴァ
母父：クロフネ
販売者：(株)アスラン",504,サクレディーヴァの2022,牡,4/6,鹿,オルフェーヴル,サクレディーヴァ,クロフネ,(株)アスラン,アスラン,(株)アスラン
"No.505
デイトラインの2022
めす　1/21生　栗毛
父：ミッキーアイル
母：デイトライン
母父：Zoffany
販売者：ノーザンファーム",505,デイトラインの2022,めす,1/21,栗,ミッキーアイル,デイトライン,Zoffany,ノーザンファーム,ノーザンファーム,ノーザンファーム
"No.506
レディオブキャメロットの2022
牡　2/14生　黒鹿毛
父：キズナ
母：レディオブキャメロット
母父：Montjeu
販売者：(株)タイヘイ牧場",506,レディオブキャメロットの2022,牡,2/14,黒鹿,キズナ,レディオブキャメロット,Montjeu,(株)タイヘイ牧場,タイヘイボクジョウ,(株)タイヘイ牧場
"No.507
リップスポイズンの2022
めす　2/4生　鹿毛
父：リアルスティール
母：リップスポイズン
母父：Mamool
販売者：(有)ノーザンレーシング",507,リップスポイズンの2022,めす,2/4,鹿,リアルスティール,リップスポイズン,Mamool,(有)ノーザンレーシング,ノーザンレーシング,ノーザンファーム
"No.508
ステージディレクションの2022
牡　3/8生　鹿毛
父：City of Light
母：ステージディレクション
母父：Malibu Moon
販売者：(有)岩見牧場",508,ステージディレクションの2022,牡,3/8,鹿,City of Light,ステージディレクション,Malibu Moon,(有)岩見牧場,イワミボクジョウ,(有)岩見牧場
"No.509
ナチュラルスタンスの2022
めす　2/10生　芦毛
父：レッドファルクス
母：ナチュラルスタンス
母父：フジキセキ
販売者：社台ファーム",509,ナチュラルスタンスの2022,めす,2/10,芦,レッドファルクス,ナチュラルスタンス,フジキセキ,社台ファーム,シャダイファーム,社台ファーム
"No.510
スプレンダークランの2022
牡　1/31生　鹿毛
父：ニューイヤーズデイ
母：スプレンダークラン
母父：ルーラーシップ
販売者：ノーザンファーム",510,スプレンダークランの2022,牡,1/31,鹿,ニューイヤーズデイ,スプレンダークラン,ルーラーシップ,ノーザンファーム,ノーザンファーム,ノーザンファーム
"No.511
レイヌドネージュの2022
めす　2/4生　栗毛
父：ブリックスアンドモルタル
母：レイヌドネージュ
母父：フジキセキ
販売者：追分ファーム",511,レイヌドネージュの2022,めす,2/4,栗,ブリックスアンドモルタル,レイヌドネージュ,フジキセキ,追分ファーム,オイワケファーム,追分ファーム
"No.512
シティウェルズの2022
牡　3/19生　栗毛
父：シニスターミニスター
母：シティウェルズ
母父：City Zip
販売者：(有)岡田牧場",512,シティウェルズの2022,牡,3/19,栗,シニスターミニスター,シティウェルズ,City Zip,(有)岡田牧場,オカダボクジョウ,(有)岡田牧場
"No.513
ラクアミの2022
めす　2/15生　黒鹿毛
父：ハービンジャー
母：ラクアミ
母父：ダイワメジャー
販売者：(有)ノーザンレーシング",513,ラクアミの2022,めす,2/15,黒鹿,ハービンジャー,ラクアミ,ダイワメジャー,(有)ノーザンレーシング,ノーザンレーシング,ノーザンファーム
"No.514
ベラフォレスタの2022
牡　3/19生　黒鹿毛
父：ロゴタイプ
母：ベラフォレスタ
母父：ゼンノロブロイ
販売者：社台ファーム",514,ベラフォレスタの2022,牡,3/19,黒鹿,ロゴタイプ,ベラフォレスタ,ゼンノロブロイ,社台ファーム,シャダイファーム,社台ファーム
"No.515
ランウェイの2022
めす　4/17生　鹿毛
父：エピファネイア
母：ランウェイ
母父：キングカメハメハ
販売者：(有)須崎牧場",515,ランウェイの2022,めす,4/17,鹿,エピファネイア,ランウェイ,キングカメハメハ,(有)須崎牧場,スザキボクジョウ,(有)須崎牧場
"No.516
フェイトカラーの2022
牡　2/24生　鹿毛
父：サトノアラジン
母：フェイトカラー
母父：サクラバクシンオー
販売者：(有)ノーザンレーシング",516,フェイトカラーの2022,牡,2/24,鹿,サトノアラジン,フェイトカラー,サクラバクシンオー,(有)ノーザンレーシング,ノーザンレーシング,ノーザンファーム
"No.517
ニカモレイの2022
めす　2/5生　栗毛
父：サンダースノー
母：ニカモレイ
母父：More Than Ready
販売者：(有)天羽禮治牧場",517,ニカモレイの2022,めす,2/5,栗,サンダースノー,ニカモレイ,More Than Ready,(有)天羽禮治牧場,アマバレイジボクジョウ,(有)天羽禮治牧場
"No.518
オリエンタルリリーの2022
牡　3/17生　鹿毛
父：サートゥルナーリア
母：オリエンタルリリー
母父：ダイワメジャー
販売者：(有)グレース",518,オリエンタルリリーの2022,牡,3/17,鹿,サートゥルナーリア,オリエンタルリリー,ダイワメジャー,(有)グレース,グレース,(有)辻牧場
"No.519
レイクキャリーの2022
めす　3/3生　鹿毛
父：マインドユアビスケッツ
母：レイクキャリー
母父：ダイワメジャー
販売者：社台ファーム",519,レイクキャリーの2022,めす,3/3,鹿,マインドユアビスケッツ,レイクキャリー,ダイワメジャー,社台ファーム,シャダイファーム,社台ファーム
"No.520
ウーマンシークレットの2022
牡　3/8生　鹿毛
父：オルフェーヴル
母：ウーマンシークレット
母父：Sadler's Wells
販売者：(有)グランデファーム",520,ウーマンシークレットの2022,牡,3/8,鹿,オルフェーヴル,ウーマンシークレット,Sadler's Wells,(有)グランデファーム,グランデファーム,(有)グランデファーム
"No.521
クラシックリディアの2022
めす　3/16生　鹿毛
父：アルアイン
母：クラシックリディア
母父：ハービンジャー
販売者：ノーザンファーム",521,クラシックリディアの2022,めす,3/16,鹿,アルアイン,クラシックリディア,ハービンジャー,ノーザンファーム,ノーザンファーム,ノーザンファーム
"No.522
クラックシードの2022
牡　3/21生　青鹿毛
父：ブリックスアンドモルタル
母：クラックシード
母父：キングカメハメハ
販売者：(株)オリオンファーム",522,クラックシードの2022,牡,3/21,青鹿,ブリックスアンドモルタル,クラックシード,キングカメハメハ,(株)オリオンファーム,オリオンファーム,(株)オリオンファーム
"No.523
リアンノンの2022
めす　4/24生　栗毛
父：ドレフォン
母：リアンノン
母父：ステイゴールド
販売者：折手牧場",523,リアンノンの2022,めす,4/24,栗,ドレフォン,リアンノン,ステイゴールド,折手牧場,オリテボクジョウ,折手牧場
"No.524
ヴィクトリアマンボの2022
牡　3/16生　鹿毛
父：ジャスタウェイ
母：ヴィクトリアマンボ
母父：ヴィクトワールピサ
販売者：社台ファーム",524,ヴィクトリアマンボの2022,牡,3/16,鹿,ジャスタウェイ,ヴィクトリアマンボ,ヴィクトワールピサ,社台ファーム,シャダイファーム,社台ファーム
"No.525
アンジュシャルマンの2022
めす　3/13生　鹿毛
父：リオンディーズ
母：アンジュシャルマン
母父：マンハッタンカフェ
販売者：ノーザンファーム",525,アンジュシャルマンの2022,めす,3/13,鹿,リオンディーズ,アンジュシャルマン,マンハッタンカフェ,ノーザンファーム,ノーザンファーム,ノーザンファーム
"No.526
レディマドンナの2022
牡　2/2生　鹿毛
父：キズナ
母：レディマドンナ
母父：Distorted Humor
販売者：(有)グランド牧場",526,レディマドンナの2022,牡,2/2,鹿,キズナ,レディマドンナ,Distorted Humor,(有)グランド牧場,グランドボクジョウ,(有)グランド牧場
"No.527
ジェルミナーレの2022
牡　3/14生　鹿毛
父：オルフェーヴル
母：ジェルミナーレ
母父：アドマイヤムーン
販売者：(有)丸幸小林牧場",527,ジェルミナーレの2022,牡,3/14,鹿,オルフェーヴル,ジェルミナーレ,アドマイヤムーン,(有)丸幸小林牧場,マルコウコバヤシボクジョウ,(有)丸幸小林牧場
"No.528
チャームクォークの2022
牡　1/15生　栗毛
父：ルヴァンスレーヴ
母：チャームクォーク
母父：クロフネ
販売者：ノーザンファーム",528,チャームクォークの2022,牡,1/15,栗,ルヴァンスレーヴ,チャームクォーク,クロフネ,ノーザンファーム,ノーザンファーム,ノーザンファーム
"No.529
クールデザインの2022
めす　3/22生　鹿毛
父：ルーラーシップ
母：クールデザイン
母父：ディープインパクト
販売者：社台ファーム",529,クールデザインの2022,めす,3/22,鹿,ルーラーシップ,クールデザイン,ディープインパクト,社台ファーム,シャダイファーム,社台ファーム
"No.530
スターオブサファイアの2022
牡　3/16生　芦毛
父：ダイワメジャー
母：スターオブサファイア
母父：Tapit
販売者：(有)千代田牧場",530,スターオブサファイアの2022,牡,3/16,芦,ダイワメジャー,スターオブサファイア,Tapit,(有)千代田牧場,チヨダボクジョウ,(有)千代田牧場
"No.531
クイーンカトリーンの2022
めす　3/19生　鹿毛
父：リアルスティール
母：クイーンカトリーン
母父：Acclamation
販売者：追分ファーム",531,クイーンカトリーンの2022,めす,3/19,鹿,リアルスティール,クイーンカトリーン,Acclamation,追分ファーム,オイワケファーム,追分ファーム
"No.532
フレイミングクリフスの2022
牡　4/11生　鹿毛
父：ドレフォン
母：フレイミングクリフス
母父：Kingmambo
販売者：田中 裕之",532,フレイミングクリフスの2022,牡,4/11,鹿,ドレフォン,フレイミングクリフス,Kingmambo,田中 裕之,タナカヒロユキ,田中　裕之
"No.533
ソングバードの2022
めす　2/25生　黒鹿毛
父：サトノクラウン
母：ソングバード
母父：ダンスインザダーク
販売者：ノーザンファーム",533,ソングバードの2022,めす,2/25,黒鹿,サトノクラウン,ソングバード,ダンスインザダーク,ノーザンファーム,ノーザンファーム,ノーザンファーム
"No.534
シルヴァーコードの2022
牡　3/18生　芦毛
父：ブリックスアンドモルタル
母：シルヴァーコード
母父：スウェプトオーヴァーボード
販売者：岡田スタッド",534,シルヴァーコードの2022,牡,3/18,芦,ブリックスアンドモルタル,シルヴァーコード,スウェプトオーヴァーボード,岡田スタッド,オカダスタッド,岡田スタッド
"No.535
シェイリーンⅡの2022
牡　1/10生　鹿毛
父：Saxon Warrior
母：シェイリーンⅡ
母父：Rip Van Winkle
販売者：(有)パカパカファーム",535,シェイリーンⅡの2022,牡,1/10,鹿,Saxon Warrior,シェイリーンⅡ,Rip Van Winkle,(有)パカパカファーム,パカパカファーム,(有)パカパカファーム
"No.536
ミセスワタナベの2022
牡　3/6生　鹿毛
父：キンシャサノキセキ
母：ミセスワタナベ
母父：Tapizar
販売者：ノーザンファーム",536,ミセスワタナベの2022,牡,3/6,鹿,キンシャサノキセキ,ミセスワタナベ,Tapizar,ノーザンファーム,ノーザンファーム,ノーザンファーム
"No.537
アドマイヤアロマの2022
めす　1/22生　栗毛
父：マクフィ
母：アドマイヤアロマ
母父：ネオユニヴァース
販売者：(有)ノーザンレーシング",537,アドマイヤアロマの2022,めす,1/22,栗,マクフィ,アドマイヤアロマ,ネオユニヴァース,(有)ノーザンレーシング,ノーザンレーシング,ノーザンファーム
"No.538
デルマオギンの2022
牡　2/24生　栗毛
父：イスラボニータ
母：デルマオギン
母父：ハービンジャー
販売者：社台ファーム",538,デルマオギンの2022,牡,2/24,栗,イスラボニータ,デルマオギン,ハービンジャー,社台ファーム,シャダイファーム,社台ファーム
"No.539
グランデセーヌの2022
牡　2/7生　鹿毛
父：ビッグアーサー
母：グランデセーヌ
母父：ゼンノロブロイ
販売者：(有)ノーザンレーシング",539,グランデセーヌの2022,牡,2/7,鹿,ビッグアーサー,グランデセーヌ,ゼンノロブロイ,(有)ノーザンレーシング,ノーザンレーシング,ノーザンファーム
"No.540
ウィキッドアイズの2022
めす　3/3生　鹿毛
父：ホッコータルマエ
母：ウィキッドアイズ
母父：オルフェーヴル
販売者：ノーザンファーム",540,ウィキッドアイズの2022,めす,3/3,鹿,ホッコータルマエ,ウィキッドアイズ,オルフェーヴル,ノーザンファーム,ノーザンファーム,ノーザンファーム
"No.541
ミカリーニョの2022
牡　2/5生　黒鹿毛
父：サートゥルナーリア
母：ミカリーニョ
母父：ハーツクライ
販売者：吉田 俊介",541,ミカリーニョの2022,牡,2/5,黒鹿,サートゥルナーリア,ミカリーニョ,ハーツクライ,吉田 俊介,ヨシダシュンスケ,ノーザンファーム