コメント,上場日,上場No.,馬名,性,毛色,生月日,父,母,母の父,申込者名,飼養者名,当日の上場順
"No.1
セシリア２０２１
牡　1月10日生　鹿毛
父：ドゥラメンテ
母：セシリア
母父：アグネスタキオン
㈲天羽牧場",7/26（火）,1,セシリア２０２１,牡,鹿,1月10日,ドゥラメンテ,セシリア,アグネスタキオン,㈲天羽牧場,㈲荻伏共同育成場,1
"No.2
ファーストレディ２０２１
牡　5月8日生　鹿毛
父：ニューイヤーズデイ
母：ファーストレディ
母父：スマートボーイ
㈲グランド牧場",7/26（火）,2,ファーストレディ２０２１,牡,鹿,5月8日,ニューイヤーズデイ,ファーストレディ,スマートボーイ,㈲グランド牧場,㈲グランド牧場,2
"No.3
プリンセスオブザスターズ２０２１
牡　1月26日生　鹿毛
父：デクラレーションオブウォー
母：プリンセスオブザスターズ
母父：Sea The Stars
㈱タイヘイ牧場",7/26（火）,3,プリンセスオブザスターズ２０２１,牡,鹿,1月26日,デクラレーションオブウォー,プリンセスオブザスターズ,Sea The Stars,㈱タイヘイ牧場,㈱タイヘイ牧場,3
"No.4
テメノス２０２１
牡　3月19日生　栗毛
父：マジェスティックウォリアー
母：テメノス
母父：ハーツクライ
（同）Ｊｕｎｎｙ",7/26（火）,4,テメノス２０２１,牡,栗,3月19日,マジェスティックウォリアー,テメノス,ハーツクライ,（同）Ｊｕｎｎｙ,イワミ牧場,4
"No.5
アマルフィターナ２０２１
牡　2月21日生　鹿毛
父：キズナ
母：アマルフィターナ
母父：シンボリクリスエス
㈲アクセス・ワン",7/26（火）,5,アマルフィターナ２０２１,牡,鹿,2月21日,キズナ,アマルフィターナ,シンボリクリスエス,㈲アクセス・ワン,㈲チェスナットファーム,5
"No.6
レッドビアンカ２０２１
牡　2月25日生　栗毛
父：コパノリッキー
母：レッドビアンカ
母父：ハードスパン
㈱タガミファーム",7/26（火）,6,レッドビアンカ２０２１,牡,栗,2月25日,コパノリッキー,レッドビアンカ,ハードスパン,㈱タガミファーム,㈱ＭＡＸトレーニングファーム,6
"No.7
バリアーモ２０２１
♀　4月9日生　鹿毛
父：キタサンブラック
母：バリアーモ
母父：シンボリクリスエス
㈲新冠橋本牧場",7/26（火）,7,バリアーモ２０２１,♀,鹿,4月9日,キタサンブラック,バリアーモ,シンボリクリスエス,㈲新冠橋本牧場,㈲新冠橋本牧場,7
"No.8
ダイワドレッサー２０２１
牡　3月17日生　栗毛
父：カリフォルニアクローム
母：ダイワドレッサー
母父：ネオユニヴァース
㈲矢野牧場",7/26（火）,8,ダイワドレッサー２０２１,牡,栗,3月17日,カリフォルニアクローム,ダイワドレッサー,ネオユニヴァース,㈲矢野牧場,㈲矢野牧場,8
"No.9
アリデッド２０２１
牡　4月11日生　鹿毛
父：ハービンジャー
母：アリデッド
母父：ダンスインザダーク
㈲杵臼牧場",7/26（火）,9,アリデッド２０２１,牡,鹿,4月11日,ハービンジャー,アリデッド,ダンスインザダーク,㈲杵臼牧場,アーカムパートナーファーム,9
"No.10
モンプティクール２０２１
牡　1月26日生　鹿毛
父：リオンディーズ
母：モンプティクール
母父：クロフネ
㈱ハシモトファーム",7/26（火）,10,モンプティクール２０２１,牡,鹿,1月26日,リオンディーズ,モンプティクール,クロフネ,㈱ハシモトファーム,㈱ハシモトファーム,10
"No.11
キャルスカイ２０２１
牡　3月11日生　栗毛
父：アジアエクスプレス
母：キャルスカイ
母父：ダイワメジャー
㈲千代田牧場",7/26（火）,11,キャルスカイ２０２１,牡,栗,3月11日,アジアエクスプレス,キャルスカイ,ダイワメジャー,㈲千代田牧場,㈲千代田牧場,11
"No.12
マイルストーン２０２１
牡　4月7日生　鹿毛
父：サトノアラジン
母：マイルストーン
母父：タイキシャトル
㈲ヤマイチ牧場",7/26（火）,12,マイルストーン２０２１,牡,鹿,4月7日,サトノアラジン,マイルストーン,タイキシャトル,㈲ヤマイチ牧場,クラックステーブル,12
"No.13
エポキシ２０２１
牡　3月3日生　青鹿毛
父：ドレフォン
母：エポキシ
母父：ディープインパクト
㈲広田牧場",7/26（火）,13,エポキシ２０２１,牡,青鹿,3月3日,ドレフォン,エポキシ,ディープインパクト,㈲広田牧場,エバグリーンセールスコンサインメント,13
"No.14
マイティーボタン２０２１
♀　2月18日生　鹿毛
父：シルバーステート
母：マイティーボタン
母父：タイキシャトル
西村牧場",7/26（火）,14,マイティーボタン２０２１,♀,鹿,2月18日,シルバーステート,マイティーボタン,タイキシャトル,西村牧場,ゴールドアップホースカンパニー（泊津分場）,14
"No.15
ヒロコファンタジー２０２１
牡　4月30日生　鹿毛
父：タリスマニック
母：ヒロコファンタジー
母父：ゼンノロブロイ
㈲大林ファーム",7/26（火）,15,ヒロコファンタジー２０２１,牡,鹿,4月30日,タリスマニック,ヒロコファンタジー,ゼンノロブロイ,㈲大林ファーム,㈱山﨑ＳＴＡＢＬＥ,15
"No.16
プライマルスノー２０２１
牡　4月6日生　鹿毛
父：サンダースノー
母：プライマルスノー
母父：Langfuhr
青藍牧場",7/26（火）,16,プライマルスノー２０２１,牡,鹿,4月6日,サンダースノー,プライマルスノー,Langfuhr,青藍牧場,㈲三石軽種馬共同育成センター,16
"No.17
テイケイラピッド２０２１
牡　3月21日生　鹿毛
父：アルアイン
母：テイケイラピッド
母父：スニッツェル
㈲高昭牧場",7/26（火）,17,テイケイラピッド２０２１,牡,鹿,3月21日,アルアイン,テイケイラピッド,スニッツェル,㈲高昭牧場,㈲荻伏共同育成場,17
"No.18
チューリップスガロア２０２１
牡　3月24日生　鹿毛
父：Yoshida
母：チューリップスガロア
母父：Giant's Causeway
㈲大栄牧場",7/26（火）,18,チューリップスガロア２０２１,牡,鹿,3月24日,Yoshida,チューリップスガロア,Giant's Causeway,㈲大栄牧場,カルペディエム　メイド（奥山牧場内）,18
"No.19
リリウオカラニ２０２１
♀　1月29日生　黒鹿毛
父：リオンディーズ
母：リリウオカラニ
母父：Grindstone
㈲パカパカファーム",7/26（火）,19,リリウオカラニ２０２１,♀,黒鹿,1月29日,リオンディーズ,リリウオカラニ,Grindstone,㈲パカパカファーム,㈲パカパカファーム（厚賀分場）,19
"No.20
マンボビーン２０２１
牡　4月1日生　鹿毛
父：カリフォルニアクローム
母：マンボビーン
母父：スズカマンボ
㈲岡田牧場",7/26（火）,20,マンボビーン２０２１,牡,鹿,4月1日,カリフォルニアクローム,マンボビーン,スズカマンボ,㈲岡田牧場,㈲目名共同トレーニングセンター,20
"No.21
ウエストコースト２０２１
♀　1月23日生　鹿毛
父：ニューイヤーズデイ
母：ウエストコースト
母父：シンボリクリスエス
㈱レジェンドファーム",7/26（火）,21,ウエストコースト２０２１,♀,鹿,1月23日,ニューイヤーズデイ,ウエストコースト,シンボリクリスエス,㈱レジェンドファーム,㈱レジェンドファーム,21
"No.22
ライトフェアリー２０２１
♀　1月6日生　鹿毛
父：デクラレーションオブウォー
母：ライトフェアリー
母父：サムライハート
シンボリ牧場",7/26（火）,22,ライトフェアリー２０２１,♀,鹿,1月6日,デクラレーションオブウォー,ライトフェアリー,サムライハート,シンボリ牧場,シンボリ牧場,22
"No.23
マリンブラスト２０２１
牡　2月14日生　栗毛
父：モーニン
母：マリンブラスト
母父：アグネスデジタル
松木　加代",7/26（火）,23,マリンブラスト２０２１,牡,栗,2月14日,モーニン,マリンブラスト,アグネスデジタル,松木　加代,㈱ＮＹＳ,23
"No.24
ルヴァンクレール２０２１
牡　5月30日生　鹿毛
父：ロジャーバローズ
母：ルヴァンクレール
母父：Danehill Dancer
㈲市川ファーム",7/26（火）,24,ルヴァンクレール２０２１,牡,鹿,5月30日,ロジャーバローズ,ルヴァンクレール,Danehill Dancer,㈲市川ファーム,㈲チェスナットファーム,24
"No.25
ディアマンティナ２０２１
牡　5月17日生　青鹿毛
父：キタサンブラック
母：ディアマンティナ
母父：Seeking the Gold
下屋敷牧場",7/26（火）,25,ディアマンティナ２０２１,牡,青鹿,5月17日,キタサンブラック,ディアマンティナ,Seeking the Gold,下屋敷牧場,Ｔｅａｍ　Ｕｎｉｔｙ,25
"No.26
ラヴァーズロック２０２１
♀　2月24日生　栗毛
父：ドレフォン
母：ラヴァーズロック
母父：ヘニーヒューズ
㈱チャンピオンズファーム",7/26（火）,26,ラヴァーズロック２０２１,♀,栗,2月24日,ドレフォン,ラヴァーズロック,ヘニーヒューズ,㈱チャンピオンズファーム,㈱チャンピオンズファーム,26
"No.27
ラビルキン２０２１
牡　1月21日生　青鹿毛
父：キズナ
母：ラビルキン
母父：Indygo Shiner
㈱ハクレイファーム",7/26（火）,27,ラビルキン２０２１,牡,青鹿,1月21日,キズナ,ラビルキン,Indygo Shiner,㈱ハクレイファーム,㈱ハクレイファーム,27
"No.28
ギブユースマイル２０２１
牡　2月19日生　黒鹿毛
父：キンシャサノキセキ
母：ギブユースマイル
母父：エンパイアメーカー
㈲千代田牧場",7/26（火）,28,ギブユースマイル２０２１,牡,黒鹿,2月19日,キンシャサノキセキ,ギブユースマイル,エンパイアメーカー,㈲千代田牧場,㈲千代田牧場,28
"No.29
ファッションストリート２０２１
牡　4月18日生　鹿毛
父：カリフォルニアクローム
母：ファッションストリート
母父：ストリートセンス
㈲桜井牧場",7/26（火）,29,ファッションストリート２０２１,牡,鹿,4月18日,カリフォルニアクローム,ファッションストリート,ストリートセンス,㈲桜井牧場,㈲パイオニアファーム,29
"No.30
パラフレーズ２０２１
牡　4月22日生　青鹿毛
父：ドゥラメンテ
母：パラフレーズ
母父：Pivotal
㈲笠松牧場",7/26（火）,30,パラフレーズ２０２１,牡,青鹿,4月22日,ドゥラメンテ,パラフレーズ,Pivotal,㈲笠松牧場,㈲笠松牧場,30
"No.31
インプレッシヴ２０２１
♀　3月2日生　青鹿毛
父：バゴ
母：インプレッシヴ
母父：オンファイア
ゼットステーブル",7/26（火）,31,インプレッシヴ２０２１,♀,青鹿,3月2日,バゴ,インプレッシヴ,オンファイア,ゼットステーブル,ゼットステーブル,31
"No.32
レッドエレノア２０２１
牡　3月27日生　青鹿毛
父：ドレフォン
母：レッドエレノア
母父：ハーツクライ
㈲矢野牧場",7/26（火）,32,レッドエレノア２０２１,牡,青鹿,3月27日,ドレフォン,レッドエレノア,ハーツクライ,㈲矢野牧場,㈲矢野牧場,32
"No.33
ラスエモーショネス２０２１
牡　3月7日生　鹿毛
父：ダイワメジャー
母：ラスエモーショネス
母父：Fastnet Rock
坂本　智広",7/26（火）,33,ラスエモーショネス２０２１,牡,鹿,3月7日,ダイワメジャー,ラスエモーショネス,Fastnet Rock,坂本　智広,坂本　智広,33
"No.34
ソルダテッサ２０２１
♀　4月5日生　鹿毛
父：リオンディーズ
母：ソルダテッサ
母父：フレンチデピュティ
追分ファーム",7/26（火）,34,ソルダテッサ２０２１,♀,鹿,4月5日,リオンディーズ,ソルダテッサ,フレンチデピュティ,追分ファーム,白老ファームＹｅａｒｌｉｎｇ,34
"No.35
アドマイヤレッド２０２１
♀　4月24日生　鹿毛
父：サトノダイヤモンド
母：アドマイヤレッド
母父：ストラヴィンスキー
㈲藤沢牧場",7/26（火）,35,アドマイヤレッド２０２１,♀,鹿,4月24日,サトノダイヤモンド,アドマイヤレッド,ストラヴィンスキー,㈲藤沢牧場,エバグリーンセールスコンサインメント,35
"No.36
カシマフラワー２０２１
♀　4月13日生　鹿毛
父：デクラレーションオブウォー
母：カシマフラワー
母父：ヘクタープロテクター
㈲北島牧場",7/26（火）,36,カシマフラワー２０２１,♀,鹿,4月13日,デクラレーションオブウォー,カシマフラワー,ヘクタープロテクター,㈲北島牧場,㈲北島牧場,36
"No.37
グーテデロワ２０２１
牡　3月14日生　黒鹿毛
父：パイロ
母：グーテデロワ
母父：スペシャルウィーク
田中　裕之",7/26（火）,37,グーテデロワ２０２１,牡,黒鹿,3月14日,パイロ,グーテデロワ,スペシャルウィーク,田中　裕之,㈲浦河育成センター,37
"No.38
ラミアカーサ２０２１
牡　2月18日生　黒鹿毛
父：マジェスティックウォリアー
母：ラミアカーサ
母父：ゴールドアリュール
藤田　孟司",7/26（火）,38,ラミアカーサ２０２１,牡,黒鹿,2月18日,マジェスティックウォリアー,ラミアカーサ,ゴールドアリュール,藤田　孟司,㈲チェスナットファーム,38
"No.39
エテルナミノル２０２１
牡　4月11日生　鹿毛
父：カリフォルニアクローム
母：エテルナミノル
母父：エンパイアメーカー
㈲フジワラファーム",7/26（火）,39,エテルナミノル２０２１,牡,鹿,4月11日,カリフォルニアクローム,エテルナミノル,エンパイアメーカー,㈲フジワラファーム,㈲フジワラファーム,39
"No.40
スティーミーウィンドウズ２０２１
♀　3月23日生　鹿毛
父：Palace Malice
母：スティーミーウィンドウズ
母父：Giant's Causeway
森永　聡",7/26（火）,40,スティーミーウィンドウズ２０２１,♀,鹿,3月23日,Palace Malice,スティーミーウィンドウズ,Giant's Causeway,森永　聡,㈲日高軽種馬共同育成公社,40
"No.41
ルフランエトワール２０２１
牡　3月28日生　黒鹿毛
父：シャンハイボビー
母：ルフランエトワール
母父：オルフェーヴル
㈲富田牧場",7/26（火）,41,ルフランエトワール２０２１,牡,黒鹿,3月28日,シャンハイボビー,ルフランエトワール,オルフェーヴル,㈲富田牧場,㈱木村育成牧場,41
"No.42
ベストティアラ２０２１
牡　3月21日生　青鹿毛
父：レイデオロ
母：ベストティアラ
母父：マンハッタンカフェ
㈲上水牧場",7/26（火）,42,ベストティアラ２０２１,牡,青鹿,3月21日,レイデオロ,ベストティアラ,マンハッタンカフェ,㈲上水牧場,㈲パイオニアファーム,42
"No.43
メープル２０２１
牡　4月26日生　鹿毛
父：マクフィ
母：メープル
母父：マンハッタンカフェ
土田農場",7/26（火）,43,メープル２０２１,牡,鹿,4月26日,マクフィ,メープル,マンハッタンカフェ,土田農場,土田農場,43
"No.44
ロックンハードプレイス２０２１
牡　2月28日生　鹿毛
父：Invincible Army
母：ロックンハードプレイス
母父：ロックオブジブラルタル
㈲谷川牧場",7/26（火）,44,ロックンハードプレイス２０２１,牡,鹿,2月28日,Invincible Army,ロックンハードプレイス,ロックオブジブラルタル,㈲谷川牧場,㈲谷川牧場,44
"No.45
チャームレディ２０２１
牡　3月20日生　栗毛
父：アニマルキングダム
母：チャームレディ
母父：アグネスタキオン
前田牧場",7/26（火）,45,チャームレディ２０２１,牡,栗,3月20日,アニマルキングダム,チャームレディ,アグネスタキオン,前田牧場,㈲高橋ファーム,45
"No.46
ダンツキャンサー２０２１
牡　5月10日生　鹿毛
父：アジアエクスプレス
母：ダンツキャンサー
母父：アドマイヤジャパン
（同）小泉学",7/26（火）,46,ダンツキャンサー２０２１,牡,鹿,5月10日,アジアエクスプレス,ダンツキャンサー,アドマイヤジャパン,（同）小泉学,萬牧場,46
"No.47
ダノングラシアス２０２１
牡　2月27日生　鹿毛
父：ブリックスアンドモルタル
母：ダノングラシアス
母父：マンハッタンカフェ
㈲千代田牧場",7/26（火）,47,ダノングラシアス２０２１,牡,鹿,2月27日,ブリックスアンドモルタル,ダノングラシアス,マンハッタンカフェ,㈲千代田牧場,㈲千代田牧場,47
"No.48
エバーシャイニング２０２１
♀　2月28日生　黒鹿毛
父：リオンディーズ
母：エバーシャイニング
母父：ゼンノロブロイ
中田　英樹",7/26（火）,48,エバーシャイニング２０２１,♀,黒鹿,2月28日,リオンディーズ,エバーシャイニング,ゼンノロブロイ,中田　英樹,㈲チェスナットファーム,48
"No.49
ブルーロータス２０２１
牡　4月3日生　栗毛
父：カリフォルニアクローム
母：ブルーロータス
母父：ディープインパクト
㈲三石川上牧場",7/26（火）,49,ブルーロータス２０２１,牡,栗,4月3日,カリフォルニアクローム,ブルーロータス,ディープインパクト,㈲三石川上牧場,㈱ペガサスファーム,49
"No.50
アルスノヴァ２０２１
♀　4月20日生　鹿毛
父：ロードカナロア
母：アルスノヴァ
母父：ダンスインザダーク
前川　勝春",7/26（火）,50,アルスノヴァ２０２１,♀,鹿,4月20日,ロードカナロア,アルスノヴァ,ダンスインザダーク,前川　勝春,Ｔｅａｍ　Ｕｎｉｔｙ,50
"No.51
ウインフロレゾン２０２１
♀　3月16日生　鹿毛
父：ドレフォン
母：ウインフロレゾン
母父：フジキセキ
㈲二風谷ファーム",7/26（火）,51,ウインフロレゾン２０２１,♀,鹿,3月16日,ドレフォン,ウインフロレゾン,フジキセキ,㈲二風谷ファーム,二風谷軽種馬共同育成センター,51
"No.52
パールズシャイン２０２１
牡　5月4日生　鹿毛
父：モーリス
母：パールズシャイン
母父：ディープインパクト
㈲杵臼牧場",7/26（火）,52,パールズシャイン２０２１,牡,鹿,5月4日,モーリス,パールズシャイン,ディープインパクト,㈲杵臼牧場,アーカムパートナーファーム,52
"No.53
ハッピーサンディー２０２１
牡　3月14日生　黒鹿毛
父：ミッキーアイル
母：ハッピーサンディー
母父：カジノドライヴ
㈱前田ファーム",7/26（火）,53,ハッピーサンディー２０２１,牡,黒鹿,3月14日,ミッキーアイル,ハッピーサンディー,カジノドライヴ,㈱前田ファーム,㈲三石軽種馬共同育成センター,53
"No.54
センターグランタス２０２１
牡　5月4日生　鹿毛
父：デクラレーションオブウォー
母：センターグランタス
母父：アグネスタキオン
庄野牧場",7/26（火）,54,センターグランタス２０２１,牡,鹿,5月4日,デクラレーションオブウォー,センターグランタス,アグネスタキオン,庄野牧場,エバグリーンセールスコンサインメント,54
"No.55
ポエティックレガシー２０２１
♀　3月25日生　鹿毛
父：Saxon Warrior
母：ポエティックレガシー
母父：Lope de Vega
㈲吉田ファーム",7/26（火）,55,ポエティックレガシー２０２１,♀,鹿,3月25日,Saxon Warrior,ポエティックレガシー,Lope de Vega,㈲吉田ファーム,㈲吉田ファーム,55
"No.56
ダラニ２０２１
牡　3月19日生　黒鹿毛
父：リオンディーズ
母：ダラニ
母父：サクラバクシンオー
㈱チャンピオンズファーム",7/26（火）,56,ダラニ２０２１,牡,黒鹿,3月19日,リオンディーズ,ダラニ,サクラバクシンオー,㈱チャンピオンズファーム,㈱チャンピオンズファーム,56
"No.57
ローズアダージョ２０２１
♀　5月1日生　鹿毛
父：アジアエクスプレス
母：ローズアダージョ
母父：ディープインパクト
上野　正恵",7/26（火）,57,ローズアダージョ２０２１,♀,鹿,5月1日,アジアエクスプレス,ローズアダージョ,ディープインパクト,上野　正恵,上野　正恵,57
"No.58
アースプレイ２０２１
♀　4月29日生　黒鹿毛
父：ドレフォン
母：アースプレイ
母父：ゼンノロブロイ
㈲ガーベラパークスタッド",7/26（火）,58,アースプレイ２０２１,♀,黒鹿,4月29日,ドレフォン,アースプレイ,ゼンノロブロイ,㈲ガーベラパークスタッド,㈱木村育成牧場,58
"No.59
マルモレイナ２０２１
♀　3月19日生　鹿毛
父：ビッグアーサー
母：マルモレイナ
母父：エンパイアメーカー
オカモトファーム",7/26（火）,59,マルモレイナ２０２１,♀,鹿,3月19日,ビッグアーサー,マルモレイナ,エンパイアメーカー,オカモトファーム,オカモトファーム,59
"No.60
フェアリーダンス２０２１
牡　4月10日生　鹿毛
父：ルーラーシップ
母：フェアリーダンス
母父：アグネスタキオン
㈱レイクヴィラファーム",7/26（火）,60,フェアリーダンス２０２１,牡,鹿,4月10日,ルーラーシップ,フェアリーダンス,アグネスタキオン,㈱レイクヴィラファーム,㈱レイクヴィラファーム,60
"No.61
ギンザフェアレディ２０２１
牡　4月13日生　青鹿毛
父：シルバーステート
母：ギンザフェアレディ
母父：マンハッタンカフェ
協銀興産㈱",7/26（火）,61,ギンザフェアレディ２０２１,牡,青鹿,4月13日,シルバーステート,ギンザフェアレディ,マンハッタンカフェ,協銀興産㈱,㈲パイオニアファーム,61
"No.62
エトワールステージ２０２１
♀　4月30日生　鹿毛
父：エピファネイア
母：エトワールステージ
母父：デヒア
レースホース牧場㈱",7/26（火）,62,エトワールステージ２０２１,♀,鹿,4月30日,エピファネイア,エトワールステージ,デヒア,レースホース牧場㈱,㈲チェスナットファーム,62
"No.63
ピュアアイズ２０２１
牡　5月10日生　鹿毛
父：キズナ
母：ピュアアイズ
母父：ネオユニヴァース
㈲山際牧場",7/26（火）,63,ピュアアイズ２０２１,牡,鹿,5月10日,キズナ,ピュアアイズ,ネオユニヴァース,㈲山際牧場,㈲山際牧場,63
"No.64
シルクヴィーナス２０２１
牡　4月19日生　黒鹿毛
父：バゴ
母：シルクヴィーナス
母父：ティンバーカントリー
㈲オリエント牧場",7/26（火）,64,シルクヴィーナス２０２１,牡,黒鹿,4月19日,バゴ,シルクヴィーナス,ティンバーカントリー,㈲オリエント牧場,オリエントファーム,64
"No.65
アリスマイン２０２１
牡　5月3日生　鹿毛
父：ホッコータルマエ
母：アリスマイン
母父：タニノギムレット
富沢萩沢俊雄牧場",7/26（火）,65,アリスマイン２０２１,牡,鹿,5月3日,ホッコータルマエ,アリスマイン,タニノギムレット,富沢萩沢俊雄牧場,本桐共同育成センター,65
"No.66
ジーニマジック２０２１
牡　4月9日生　栗毛
父：デクラレーションオブウォー
母：ジーニマジック
母父：ダイワメジャー
㈲天羽牧場",7/26（火）,66,ジーニマジック２０２１,牡,栗,4月9日,デクラレーションオブウォー,ジーニマジック,ダイワメジャー,㈲天羽牧場,㈲荻伏共同育成場,66
"No.67
サウンドシップ２０２１
牡　2月13日生　鹿毛
父：シルバーステート
母：サウンドシップ
母父：ルーラーシップ
㈲石川牧場",7/26（火）,67,サウンドシップ２０２１,牡,鹿,2月13日,シルバーステート,サウンドシップ,ルーラーシップ,㈲石川牧場,㈱森本スティーブル,67
"No.68
アップトゥユー２０２１
牡　2月17日生　鹿毛
父：ニューイヤーズデイ
母：アップトゥユー
母父：サウスヴィグラス
㈲グランド牧場",7/26（火）,68,アップトゥユー２０２１,牡,鹿,2月17日,ニューイヤーズデイ,アップトゥユー,サウスヴィグラス,㈲グランド牧場,㈲グランド牧場,68
"No.69
ナムラバイオレット２０２１
牡　2月26日生　鹿毛
父：ファインニードル
母：ナムラバイオレット
母父：チーフベアハート
㈲川向高橋育成牧場",7/26（火）,69,ナムラバイオレット２０２１,牡,鹿,2月26日,ファインニードル,ナムラバイオレット,チーフベアハート,㈲川向高橋育成牧場,㈱ケイズ,69
"No.70
エイシンキルデア２０２１
牡　4月13日生　青鹿毛
父：キタサンブラック
母：エイシンキルデア
母父：Kitten's Joy
㈲村田牧場",7/26（火）,70,エイシンキルデア２０２１,牡,青鹿,4月13日,キタサンブラック,エイシンキルデア,Kitten's Joy,㈲村田牧場,㈲村田牧場,70
"No.71
ツクバエトワール２０２１
♀　5月4日生　鹿毛
父：リオンディーズ
母：ツクバエトワール
母父：ディープインパクト
㈲片山牧場",7/26（火）,71,ツクバエトワール２０２１,♀,鹿,5月4日,リオンディーズ,ツクバエトワール,ディープインパクト,㈲片山牧場,㈲チェスナットファーム,71
"No.72
ココロノアイ２０２１
牡　4月5日生　鹿毛
父：レイデオロ
母：ココロノアイ
母父：ステイゴールド
㈲酒井牧場",7/26（火）,72,ココロノアイ２０２１,牡,鹿,4月5日,レイデオロ,ココロノアイ,ステイゴールド,㈲酒井牧場,㈲酒井牧場,72
"No.73
グレイスミノル２０２１
牡　5月22日生　黒鹿毛
父：サトノクラウン
母：グレイスミノル
母父：バゴ
岡田スタッド",7/26（火）,73,グレイスミノル２０２１,牡,黒鹿,5月22日,サトノクラウン,グレイスミノル,バゴ,岡田スタッド,岡田スタッド,73
"No.74
アメイジングライト２０２１
牡　2月27日生　黒鹿毛
父：ドゥラメンテ
母：アメイジングライト
母父：Teofilo
㈲宮内牧場",7/26（火）,74,アメイジングライト２０２１,牡,黒鹿,2月27日,ドゥラメンテ,アメイジングライト,Teofilo,㈲宮内牧場,㈲ディスティニーファーム,74
"No.75
アルマフローラ２０２１
♀　2月13日生　栗毛
父：ヘニーヒューズ
母：アルマフローラ
母父：ハーツクライ
田中　裕之",7/26（火）,75,アルマフローラ２０２１,♀,栗,2月13日,ヘニーヒューズ,アルマフローラ,ハーツクライ,田中　裕之,エバグリーンセールスコンサインメント,75
"No.76
ナンシーフロムナイロビ２０２１
♀　4月13日生　栗毛
父：ドレフォン
母：ナンシーフロムナイロビ
母父：Sixties Icon
㈲パカパカファーム",7/26（火）,76,ナンシーフロムナイロビ２０２１,♀,栗,4月13日,ドレフォン,ナンシーフロムナイロビ,Sixties Icon,㈲パカパカファーム,㈲パカパカファーム（厚賀分場）,76
"No.77
シーサイドホーム２０２１
牡　5月2日生　鹿毛
父：サトノダイヤモンド
母：シーサイドホーム
母父：Storm Cat
㈲辻牧場",7/26（火）,77,シーサイドホーム２０２１,牡,鹿,5月2日,サトノダイヤモンド,シーサイドホーム,Storm Cat,㈲辻牧場,㈲辻牧場,77
"No.78
レゼトワール２０２１
牡　4月21日生　鹿毛
父：エピファネイア
母：レゼトワール
母父：ファスリエフ
㈲新冠橋本牧場",7/26（火）,78,レゼトワール２０２１,牡,鹿,4月21日,エピファネイア,レゼトワール,ファスリエフ,㈲新冠橋本牧場,㈲新冠橋本牧場,78
"No.79
コーディリア２０２１
♀　3月2日生　黒鹿毛
父：ハービンジャー
母：コーディリア
母父：シンボリクリスエス
追分ファーム",7/26（火）,79,コーディリア２０２１,♀,黒鹿,3月2日,ハービンジャー,コーディリア,シンボリクリスエス,追分ファーム,白老ファームＹｅａｒｌｉｎｇ,79
"No.80
エーシンメンフィス２０２１
牡　4月24日生　栗毛
父：コパノリッキー
母：エーシンメンフィス
母父：Medaglia d'Oro
栄進牧場",7/26（火）,80,エーシンメンフィス２０２１,牡,栗,4月24日,コパノリッキー,エーシンメンフィス,Medaglia d'Oro,栄進牧場,㈱門別牧場,80
"No.81
シーイズチャンプ２０２１
牡　2月10日生　鹿毛
父：モーリス
母：シーイズチャンプ
母父：ダノンシャンティ
㈱チャンピオンズファーム",7/26（火）,81,シーイズチャンプ２０２１,牡,鹿,2月10日,モーリス,シーイズチャンプ,ダノンシャンティ,㈱チャンピオンズファーム,㈱チャンピオンズファーム,81
"No.82
トウシンハンター２０２１
牡　4月18日生　黒鹿毛
父：キズナ
母：トウシンハンター
母父：エンパイアメーカー
㈲千代田牧場",7/26（火）,82,トウシンハンター２０２１,牡,黒鹿,4月18日,キズナ,トウシンハンター,エンパイアメーカー,㈲千代田牧場,㈲千代田牧場,82
"No.83
スリーアロー２０２１
牡　4月6日生　青鹿毛
父：デクラレーションオブウォー
母：スリーアロー
母父：アルデバラン２
㈲フジワラファーム",7/26（火）,83,スリーアロー２０２１,牡,青鹿,4月6日,デクラレーションオブウォー,スリーアロー,アルデバラン２,㈲フジワラファーム,㈲フジワラファーム,83
"No.84
グッドスカイ２０２１
牡　4月30日生　黒鹿毛
父：シルバーステート
母：グッドスカイ
母父：ステイゴールド
㈲小泉牧場",7/26（火）,84,グッドスカイ２０２１,牡,黒鹿,4月30日,シルバーステート,グッドスカイ,ステイゴールド,㈲小泉牧場,㈱山﨑ＳＴＡＢＬＥ,84
"No.85
ドナパフューム２０２１
♀　2月2日生　鹿毛
父：サンダースノー
母：ドナパフューム
母父：Bertolini
㈱千里ファーム",7/26（火）,85,ドナパフューム２０２１,♀,鹿,2月2日,サンダースノー,ドナパフューム,Bertolini,㈱千里ファーム,エバグリーンセールスコンサインメント,85
"No.86
ジェネロシティー２０２１
牡　5月6日生　黒鹿毛
父：エピファネイア
母：ジェネロシティー
母父：フジキセキ
㈲高昭牧場",7/26（火）,86,ジェネロシティー２０２１,牡,黒鹿,5月6日,エピファネイア,ジェネロシティー,フジキセキ,㈲高昭牧場,㈲荻伏共同育成場,86
"No.87
ノーティスボード２０２１
牡　1月30日生　芦毛
父：リオンディーズ
母：ノーティスボード
母父：クロフネ
㈲下河辺牧場",7/26（火）,87,ノーティスボード２０２１,牡,芦,1月30日,リオンディーズ,ノーティスボード,クロフネ,㈲下河辺牧場,㈲下河辺牧場,87
"No.88
エイブルインレース２０２１
牡　2月9日生　栗毛
父：ニューイヤーズデイ
母：エイブルインレース
母父：フジキセキ
荒井ファーム",7/26（火）,88,エイブルインレース２０２１,牡,栗,2月9日,ニューイヤーズデイ,エイブルインレース,フジキセキ,荒井ファーム,㈲チェスナットファーム,88
"No.89
ヤマノローラ２０２１
牡　3月27日生　栗毛
父：ヘニーヒューズ
母：ヤマノローラ
母父：スペシャルウィーク
㈲佐藤牧場",7/26（火）,89,ヤマノローラ２０２１,牡,栗,3月27日,ヘニーヒューズ,ヤマノローラ,スペシャルウィーク,㈲佐藤牧場,㈲日高軽種馬共同育成公社,89
"No.90
レックスレイノス２０２１
♀　2月14日生　鹿毛
父：リアルスティール
母：レックスレイノス
母父：Intikhab
下屋敷牧場",7/26（火）,90,レックスレイノス２０２１,♀,鹿,2月14日,リアルスティール,レックスレイノス,Intikhab,下屋敷牧場,㈲浦河育成センター,90
"No.91
スコアズビー２０２１
♀　3月21日生　黒鹿毛
父：キズナ
母：スコアズビー
母父：ロックオブジブラルタル
㈲猿倉牧場",7/26（火）,91,スコアズビー２０２１,♀,黒鹿,3月21日,キズナ,スコアズビー,ロックオブジブラルタル,㈲猿倉牧場,㈱木村育成牧場,91
"No.92
エアヴェイユ２０２１
♀　5月1日生　黒鹿毛
父：リオンディーズ
母：エアヴェイユ
母父：ハードスパン
㈲稲原牧場",7/26（火）,92,エアヴェイユ２０２１,♀,黒鹿,5月1日,リオンディーズ,エアヴェイユ,ハードスパン,㈲稲原牧場,二風谷軽種馬共同育成センター,92
"No.93
レイロー２０２１
牡　1月7日生　鹿毛
父：ファインニードル
母：レイロー
母父：オルフェーヴル
㈲パカパカファーム",7/26（火）,93,レイロー２０２１,牡,鹿,1月7日,ファインニードル,レイロー,オルフェーヴル,㈲パカパカファーム,㈲パカパカファーム（厚賀分場）,93
"No.94
ノイエクローネ２０２１
牡　3月2日生　黒鹿毛
父：パイロ
母：ノイエクローネ
母父：ネオユニヴァース
船越　伸也",7/26（火）,94,ノイエクローネ２０２１,牡,黒鹿,3月2日,パイロ,ノイエクローネ,ネオユニヴァース,船越　伸也,エバグリーンセールスコンサインメント,94
"No.95
ヴァルホーリング２０２１
牡　3月26日生　栗毛
父：イスラボニータ
母：ヴァルホーリング
母父：Halling
㈱オリオンファーム",7/26（火）,95,ヴァルホーリング２０２１,牡,栗,3月26日,イスラボニータ,ヴァルホーリング,Halling,㈱オリオンファーム,㈱オリオンファーム,95
"No.96
スターリーウインド２０２１
牡　2月25日生　栗毛
父：ヘニーヒューズ
母：スターリーウインド
母父：ゼンノロブロイ
㈲矢野牧場",7/26（火）,96,スターリーウインド２０２１,牡,栗,2月25日,ヘニーヒューズ,スターリーウインド,ゼンノロブロイ,㈲矢野牧場,㈲矢野牧場,96
"No.97
リビングマイライフ２０２１
牡　4月21日生　鹿毛
父：カリフォルニアクローム
母：リビングマイライフ
母父：ダイワメジャー
㈲野坂牧場",7/26（火）,97,リビングマイライフ２０２１,牡,鹿,4月21日,カリフォルニアクローム,リビングマイライフ,ダイワメジャー,㈲野坂牧場,㈲目名共同トレーニングセンター,97
"No.98
マリスレーン２０２１
牡　5月22日生　鹿毛
父：ドレフォン
母：マリスレーン
母父：ストリートセンス
㈱川越ファーム",7/26（火）,98,マリスレーン２０２１,牡,鹿,5月22日,ドレフォン,マリスレーン,ストリートセンス,㈱川越ファーム,㈱吉永ファーム,98
"No.99
ココナッツパルム２０２１
♀　2月11日生　鹿毛
父：リアルスティール
母：ココナッツパルム
母父：フレンチデピュティ
㈲木下牧場",7/26（火）,99,ココナッツパルム２０２１,♀,鹿,2月11日,リアルスティール,ココナッツパルム,フレンチデピュティ,㈲木下牧場,セールスプレップサービス,99
"No.100
ベアフットレディ２０２１
♀　1月30日生　鹿毛
父：デクラレーションオブウォー
母：ベアフットレディ
母父：Footstepsinthesand
㈱タイヘイ牧場",7/26（火）,100,ベアフットレディ２０２１,♀,鹿,1月30日,デクラレーションオブウォー,ベアフットレディ,Footstepsinthesand,㈱タイヘイ牧場,㈱タイヘイ牧場,100
"No.101
エピックマジック２０２１
♀　2月6日生　鹿毛
父：エピファネイア
母：エピックマジック
母父：テレグノシス
㈱松浦牧場",7/26（火）,101,エピックマジック２０２１,♀,鹿,2月6日,エピファネイア,エピックマジック,テレグノシス,㈱松浦牧場,㈲チェスナットファーム,101
"No.102
ポムフィリア２０２１
牡　2月23日生　栗毛
父：レイデオロ
母：ポムフィリア
母父：フォーティナイナーズサン
㈲小島牧場",7/26（火）,102,ポムフィリア２０２１,牡,栗,2月23日,レイデオロ,ポムフィリア,フォーティナイナーズサン,㈲小島牧場,㈱ＭＡＸトレーニングファーム,102
"No.103
エイシンダーラ２０２１
牡　3月10日生　鹿毛
父：サトノクラウン
母：エイシンダーラ
母父：キングカメハメハ
増本　良孝",7/26（火）,103,エイシンダーラ２０２１,牡,鹿,3月10日,サトノクラウン,エイシンダーラ,キングカメハメハ,増本　良孝,㈲福山育成牧場,103
"No.104
ソラコマチ２０２１
牡　2月25日生　鹿毛
父：アルアイン
母：ソラコマチ
母父：サクラバクシンオー
㈲村上牧場",7/26（火）,104,ソラコマチ２０２１,牡,鹿,2月25日,アルアイン,ソラコマチ,サクラバクシンオー,㈲村上牧場,エレガンスファーム,104
"No.105
レディハピネス２０２１
♀　4月9日生　鹿毛
父：カリフォルニアクローム
母：レディハピネス
母父：Montjeu
前川　勝春",7/26（火）,105,レディハピネス２０２１,♀,鹿,4月9日,カリフォルニアクローム,レディハピネス,Montjeu,前川　勝春,Ｔｅａｍ　Ｕｎｉｔｙ,105
"No.106
トレサンセール２０２１
牡　3月20日生　鹿毛
父：オルフェーヴル
母：トレサンセール
母父：Rip Van Winkle
㈱門別山際牧場",7/26（火）,106,トレサンセール２０２１,牡,鹿,3月20日,オルフェーヴル,トレサンセール,Rip Van Winkle,㈱門別山際牧場,㈲グリーンマイルトレーニングセンター,106
"No.107
ホッコーユニバース２０２１
牡　4月21日生　鹿毛
父：サンダースノー
母：ホッコーユニバース
母父：アグネスタキオン
㈲高昭牧場",7/26（火）,107,ホッコーユニバース２０２１,牡,鹿,4月21日,サンダースノー,ホッコーユニバース,アグネスタキオン,㈲高昭牧場,㈲荻伏共同育成場,107
"No.108
クイーンギムレット２０２１
♀　3月11日生　鹿毛
父：ルーラーシップ
母：クイーンギムレット
母父：タニノギムレット
㈲千葉飯田牧場",7/26（火）,108,クイーンギムレット２０２１,♀,鹿,3月11日,ルーラーシップ,クイーンギムレット,タニノギムレット,㈲千葉飯田牧場,㈲パイオニアファーム,108
"No.109
ミスエンピリカル２０２１
牡　3月31日生　鹿毛
父：シルバーステート
母：ミスエンピリカル
母父：プリサイスエンド
高岸　順一",7/26（火）,109,ミスエンピリカル２０２１,牡,鹿,3月31日,シルバーステート,ミスエンピリカル,プリサイスエンド,高岸　順一,高岸　順一,109
"No.110
アドマイヤエバート２０２１
♀　2月12日生　黒鹿毛
父：エピファネイア
母：アドマイヤエバート
母父：ディープインパクト
㈲日高大洋牧場",7/26（火）,110,アドマイヤエバート２０２１,♀,黒鹿,2月12日,エピファネイア,アドマイヤエバート,ディープインパクト,㈲日高大洋牧場,㈲日高大洋牧場,110
"No.111
ゴールドチェイス２０２１
牡　4月29日生　栗毛
父：モーリス
母：ゴールドチェイス
母父：アドマイヤムーン
㈲グランド牧場",7/26（火）,111,ゴールドチェイス２０２１,牡,栗,4月29日,モーリス,ゴールドチェイス,アドマイヤムーン,㈲グランド牧場,㈲グランド牧場,111
"No.112
パルティール２０２１
牡　4月11日生　黒鹿毛
父：ホッコータルマエ
母：パルティール
母父：スペシャルウィーク
今牧場",7/26（火）,112,パルティール２０２１,牡,黒鹿,4月11日,ホッコータルマエ,パルティール,スペシャルウィーク,今牧場,カルペディエム　メイド（奥山牧場内）,112
"No.113
アドマイヤラブ２０２１
♀　3月28日生　鹿毛
父：デクラレーションオブウォー
母：アドマイヤラブ
母父：アドマイヤムーン
㈲辻牧場",7/26（火）,113,アドマイヤラブ２０２１,♀,鹿,3月28日,デクラレーションオブウォー,アドマイヤラブ,アドマイヤムーン,㈲辻牧場,㈲辻牧場,113
"No.114
インドリヤ２０２１
牡　3月29日生　栗毛
父：シュヴァルグラン
母：インドリヤ
母父：Stormy Atlantic
シンボリ牧場",7/26（火）,114,インドリヤ２０２１,牡,栗,3月29日,シュヴァルグラン,インドリヤ,Stormy Atlantic,シンボリ牧場,㈱門別牧場,114
"No.115
バロネスサッチャー２０２１
牡　2月26日生　栗毛
父：カリフォルニアクローム
母：バロネスサッチャー
母父：ヨハネスブルグ
㈲前野牧場",7/26（火）,115,バロネスサッチャー２０２１,牡,栗,2月26日,カリフォルニアクローム,バロネスサッチャー,ヨハネスブルグ,㈲前野牧場,㈲前野牧場,115
"No.116
スカイブルーダイヤ２０２１
牡　2月16日生　黒鹿毛
父：ブリックスアンドモルタル
母：スカイブルーダイヤ
母父：ロードカナロア
㈱前田ファーム",7/26（火）,116,スカイブルーダイヤ２０２１,牡,黒鹿,2月16日,ブリックスアンドモルタル,スカイブルーダイヤ,ロードカナロア,㈱前田ファーム,㈲チェスナットファーム,116
"No.117
ピュアゴシップ２０２１
♀　3月21日生　鹿毛
父：シルバーステート
母：ピュアゴシップ
母父：Pure Prize
森永牧場",7/26（火）,117,ピュアゴシップ２０２１,♀,鹿,3月21日,シルバーステート,ピュアゴシップ,Pure Prize,森永牧場,㈲日高軽種馬共同育成公社,117
"No.118
アナザーワールド２０２１
牡　5月5日生　栗毛
父：スワーヴリチャード
母：アナザーワールド
母父：ディープインパクト
タバタファーム",7/26（火）,118,アナザーワールド２０２１,牡,栗,5月5日,スワーヴリチャード,アナザーワールド,ディープインパクト,タバタファーム,㈱ＭＡＸトレーニングファーム,118
"No.119
リミックスアルバム２０２１
♀　4月15日生　鹿毛
父：サンダースノー
母：リミックスアルバム
母父：キングカメハメハ
田中スタッド",7/26（火）,119,リミックスアルバム２０２１,♀,鹿,4月15日,サンダースノー,リミックスアルバム,キングカメハメハ,田中スタッド,田中スタッド,119
"No.120
ホームタイム２０２１
牡　4月7日生　鹿毛
父：リアルスティール
母：ホームタイム
母父：Dubai Destination
㈲矢野牧場",7/26（火）,120,ホームタイム２０２１,牡,鹿,4月7日,リアルスティール,ホームタイム,Dubai Destination,㈲矢野牧場,㈲矢野牧場,120
"No.121
オースミミズホ２０２１
牡　5月1日生　鹿毛
父：ドレフォン
母：オースミミズホ
母父：スペシャルウィーク
鮫川　啓一",7/26（火）,121,オースミミズホ２０２１,牡,鹿,5月1日,ドレフォン,オースミミズホ,スペシャルウィーク,鮫川　啓一,㈱木村育成牧場,121
"No.122
アンシェンヌヴィル２０２１
牡　5月8日生　鹿毛
父：デクラレーションオブウォー
母：アンシェンヌヴィル
母父：ディープインパクト
㈲千代田牧場",7/26（火）,122,アンシェンヌヴィル２０２１,牡,鹿,5月8日,デクラレーションオブウォー,アンシェンヌヴィル,ディープインパクト,㈲千代田牧場,㈲千代田牧場,122
"No.123
センセーション２０２１
牡　3月29日生　鹿毛
父：ヘニーヒューズ
母：センセーション
母父：ゼンノロブロイ
㈲天羽牧場",7/26（火）,123,センセーション２０２１,牡,鹿,3月29日,ヘニーヒューズ,センセーション,ゼンノロブロイ,㈲天羽牧場,㈲荻伏共同育成場,123
"No.124
トゥルヴァ２０２１
♀　3月1日生　鹿毛
父：キズナ
母：トゥルヴァ
母父：Frankel
㈲富田牧場",7/26（火）,124,トゥルヴァ２０２１,♀,鹿,3月1日,キズナ,トゥルヴァ,Frankel,㈲富田牧場,富田ステーブル,124
"No.125
ディアレストトリックスキ２０２１
牡　2月20日生　鹿毛
父：シニスターミニスター
母：ディアレストトリックスキ
母父：Proudest Romeo
㈲服部牧場",7/26（火）,125,ディアレストトリックスキ２０２１,牡,鹿,2月20日,シニスターミニスター,ディアレストトリックスキ,Proudest Romeo,㈲服部牧場,㈲服部牧場,125
"No.126
アイアムノココロ２０２１
♀　3月15日生　鹿毛
父：パイロ
母：アイアムノココロ
母父：フジキセキ
㈲上水牧場",7/26（火）,126,アイアムノココロ２０２１,♀,鹿,3月15日,パイロ,アイアムノココロ,フジキセキ,㈲上水牧場,㈲パイオニアファーム,126
"No.127
オートロンシャン２０２１
♀　2月18日生　黒鹿毛
父：スワーヴリチャード
母：オートロンシャン
母父：クロフネ
高橋　陵",7/26（火）,127,オートロンシャン２０２１,♀,黒鹿,2月18日,スワーヴリチャード,オートロンシャン,クロフネ,高橋　陵,㈲福山育成牧場,127
"No.128
アトラクティヴレディ２０２１
♀　3月28日生　鹿毛
父：ドゥラメンテ
母：アトラクティヴレディ
母父：Teofilo
㈲ＰＲＩＤＥ　ＲＯＣＫ",7/26（火）,128,アトラクティヴレディ２０２１,♀,鹿,3月28日,ドゥラメンテ,アトラクティヴレディ,Teofilo,㈲ＰＲＩＤＥ　ＲＯＣＫ,㈲グランド牧場,128
"No.129
ホーマンピクシー２０２１
牡　3月9日生　栗毛
父：マジェスティックウォリアー
母：ホーマンピクシー
母父：キングカメハメハ
㈱前谷牧場",7/26（火）,129,ホーマンピクシー２０２１,牡,栗,3月9日,マジェスティックウォリアー,ホーマンピクシー,キングカメハメハ,㈱前谷牧場,㈱前谷牧場,129
"No.130
アドマイヤマリリン２０２１
牡　4月15日生　栗毛
父：ヘニーヒューズ
母：アドマイヤマリリン
母父：アグネスタキオン
高橋　義浩",7/26（火）,130,アドマイヤマリリン２０２１,牡,栗,4月15日,ヘニーヒューズ,アドマイヤマリリン,アグネスタキオン,高橋　義浩,カルペディエム　メイド（奥山牧場内）,130
"No.131
ダイヤモンドギフト２０２１
牡　3月9日生　芦毛
父：ゴールドシップ
母：ダイヤモンドギフト
母父：ブライアンズタイム
㈲フジワラファーム",7/26（火）,131,ダイヤモンドギフト２０２１,牡,芦,3月9日,ゴールドシップ,ダイヤモンドギフト,ブライアンズタイム,㈲フジワラファーム,㈲フジワラファーム,131
"No.132
ヒラボクウィン２０２１
牡　5月15日生　栗毛
父：カリフォルニアクローム
母：ヒラボクウィン
母父：ワイルドラッシュ
㈲辻牧場",7/26（火）,132,ヒラボクウィン２０２１,牡,栗,5月15日,カリフォルニアクローム,ヒラボクウィン,ワイルドラッシュ,㈲辻牧場,㈲辻牧場,132
"No.133
クィーンアマポーラ２０２１
牡　3月6日生　鹿毛
父：エピカリス
母：クィーンアマポーラ
母父：キングカメハメハ
鎌田　正嗣",7/26（火）,133,クィーンアマポーラ２０２１,牡,鹿,3月6日,エピカリス,クィーンアマポーラ,キングカメハメハ,鎌田　正嗣,㈲チェスナットファーム,133
"No.134
コイヲダキシメヨウ２０２１
♀　5月23日生　鹿毛
父：シャンハイボビー
母：コイヲダキシメヨウ
母父：ワークフォース
㈲酒井牧場",7/26（火）,134,コイヲダキシメヨウ２０２１,♀,鹿,5月23日,シャンハイボビー,コイヲダキシメヨウ,ワークフォース,㈲酒井牧場,㈲酒井牧場,134
"No.135
ヒアーズトウショウ２０２１
♀　1月8日生　黒鹿毛
父：ドレフォン
母：ヒアーズトウショウ
母父：フジキセキ
㈲エクセルマネジメント",7/26（火）,135,ヒアーズトウショウ２０２１,♀,黒鹿,1月8日,ドレフォン,ヒアーズトウショウ,フジキセキ,㈲エクセルマネジメント,エバグリーンセールスコンサインメント,135
"No.136
グレンダロッホ２０２１
牡　3月31日生　鹿毛
父：マクフィ
母：グレンダロッホ
母父：ディープインパクト
㈲梅田牧場",7/26（火）,136,グレンダロッホ２０２１,牡,鹿,3月31日,マクフィ,グレンダロッホ,ディープインパクト,㈲梅田牧場,㈱ＭＡＸトレーニングファーム,136
"No.137
ヒストリアドリーム２０２１
牡　4月10日生　栗毛
父：ヘニーヒューズ
母：ヒストリアドリーム
母父：アドマイヤムーン
㈲岡田牧場",7/26（火）,137,ヒストリアドリーム２０２１,牡,栗,4月10日,ヘニーヒューズ,ヒストリアドリーム,アドマイヤムーン,㈲岡田牧場,㈲目名共同トレーニングセンター,137
"No.138
シンコームーン２０２１
牡　4月15日生　鹿毛
父：リアルスティール
母：シンコームーン
母父：フォーティナイナーズサン
㈲高橋ファーム",7/26（火）,138,シンコームーン２０２１,牡,鹿,4月15日,リアルスティール,シンコームーン,フォーティナイナーズサン,㈲高橋ファーム,㈲高橋ファーム,138
"No.139
ミーシャレヴュー２０２１
♀　2月10日生　鹿毛
父：ルーラーシップ
母：ミーシャレヴュー
母父：アグネスタキオン
㈲飛野牧場",7/26（火）,139,ミーシャレヴュー２０２１,♀,鹿,2月10日,ルーラーシップ,ミーシャレヴュー,アグネスタキオン,㈲飛野牧場,カルペディエム　メイド（奥山牧場内）,139
"No.140
ポリネイター２０２１
牡　3月23日生　鹿毛
父：イスラボニータ
母：ポリネイター
母父：Motivator
㈲谷口牧場",7/26（火）,140,ポリネイター２０２１,牡,鹿,3月23日,イスラボニータ,ポリネイター,Motivator,㈲谷口牧場,㈲浦河育成センター,140
"No.141
アイランドクイーン２０２１
牡　2月11日生　黒鹿毛
父：アメリカンペイトリオット
母：アイランドクイーン
母父：ネオユニヴァース
㈱門別牧場",7/26（火）,141,アイランドクイーン２０２１,牡,黒鹿,2月11日,アメリカンペイトリオット,アイランドクイーン,ネオユニヴァース,㈱門別牧場,㈱門別牧場,141
"No.142
レジュールダムール２０２１
牡　4月1日生　鹿毛
父：キズナ
母：レジュールダムール
母父：Kingmambo
アシュビル㈱",7/26（火）,142,レジュールダムール２０２１,牡,鹿,4月1日,キズナ,レジュールダムール,Kingmambo,アシュビル㈱,社台ブルーグラスファーム,142
"No.143
アンシェルブルー２０２１
牡　1月27日生　黒鹿毛
父：レイデオロ
母：アンシェルブルー
母父：マンハッタンカフェ
㈲矢野牧場",7/26（火）,143,アンシェルブルー２０２１,牡,黒鹿,1月27日,レイデオロ,アンシェルブルー,マンハッタンカフェ,㈲矢野牧場,㈲矢野牧場,143
"No.144
メジェルダ２０２１
♀　2月18日生　鹿毛
父：アジアエクスプレス
母：メジェルダ
母父：ディープインパクト
㈲村田牧場",7/26（火）,144,メジェルダ２０２１,♀,鹿,2月18日,アジアエクスプレス,メジェルダ,ディープインパクト,㈲村田牧場,㈲村田牧場,144
"No.145
シェルシーカー２０２１
牡　4月22日生　黒鹿毛
父：キタサンブラック
母：シェルシーカー
母父：Machiavellian
㈲杵臼牧場",7/26（火）,145,シェルシーカー２０２１,牡,黒鹿,4月22日,キタサンブラック,シェルシーカー,Machiavellian,㈲杵臼牧場,アーカムパートナーファーム,145
"No.146
アスカクイン２０２１
牡　3月24日生　栗毛
父：マインドユアビスケッツ
母：アスカクイン
母父：スペシャルウィーク
㈲藤原牧場",7/26（火）,146,アスカクイン２０２１,牡,栗,3月24日,マインドユアビスケッツ,アスカクイン,スペシャルウィーク,㈲藤原牧場,㈲藤原牧場,146
"No.147
フェアリーズ２０２１
♀　2月19日生　栗毛
父：ネオリアリズム
母：フェアリーズ
母父：Medaglia d'Oro
㈱アスラン",7/26（火）,147,フェアリーズ２０２１,♀,栗,2月19日,ネオリアリズム,フェアリーズ,Medaglia d'Oro,㈱アスラン,㈱アスラン,147
"No.148
アップワードスパイラル２０２１
牡　3月13日生　鹿毛
父：サトノダイヤモンド
母：アップワードスパイラル
母父：Teofilo
㈲パカパカファーム",7/26（火）,148,アップワードスパイラル２０２１,牡,鹿,3月13日,サトノダイヤモンド,アップワードスパイラル,Teofilo,㈲パカパカファーム,㈲パカパカファーム（厚賀分場）,148
"No.149
ムツミマーベラス２０２１
牡　3月29日生　栗毛
父：マジェスティックウォリアー
母：ムツミマーベラス
母父：マーベラスサンデー
田中　裕之",7/26（火）,149,ムツミマーベラス２０２１,牡,栗,3月29日,マジェスティックウォリアー,ムツミマーベラス,マーベラスサンデー,田中　裕之,エバグリーンセールスコンサインメント,149
"No.150
イチリュウ２０２１
牡　3月3日生　鹿毛
父：カリフォルニアクローム
母：イチリュウ
母父：キングヘイロー
㈲グランド牧場",7/26（火）,150,イチリュウ２０２１,牡,鹿,3月3日,カリフォルニアクローム,イチリュウ,キングヘイロー,㈲グランド牧場,㈲グランド牧場,150
"No.151
クイーンズシアター２０２１
♀　3月26日生　栗毛
父：レイデオロ
母：クイーンズシアター
母父：ディープインパクト
㈲二風谷ファーム",7/26（火）,151,クイーンズシアター２０２１,♀,栗,3月26日,レイデオロ,クイーンズシアター,ディープインパクト,㈲二風谷ファーム,二風谷軽種馬共同育成センター,151
"No.152
メリートーン２０２１
牡　4月9日生　鹿毛
父：エピファネイア
母：メリートーン
母父：クロフネ
㈲笠松牧場",7/26（火）,152,メリートーン２０２１,牡,鹿,4月9日,エピファネイア,メリートーン,クロフネ,㈲笠松牧場,㈲笠松牧場,152
"No.153
プレシャスメイト２０２１
♀　4月22日生　青鹿毛
父：リオンディーズ
母：プレシャスメイト
母父：ステイゴールド
㈲千代田牧場",7/26（火）,153,プレシャスメイト２０２１,♀,青鹿,4月22日,リオンディーズ,プレシャスメイト,ステイゴールド,㈲千代田牧場,㈲千代田牧場,153
"No.154
カヒリ２０２１
牡　4月9日生　栗毛
父：パイロ
母：カヒリ
母父：キングカメハメハ
㈲北星村田牧場",7/26（火）,154,カヒリ２０２１,牡,栗,4月9日,パイロ,カヒリ,キングカメハメハ,㈲北星村田牧場,本桐共同育成センター,154
"No.155
シータトウショウ２０２１
牡　3月24日生　鹿毛
父：ホッコータルマエ
母：シータトウショウ
母父：ジェニュイン
坂本　春雄",7/26（火）,155,シータトウショウ２０２１,牡,鹿,3月24日,ホッコータルマエ,シータトウショウ,ジェニュイン,坂本　春雄,㈲ヤマダステーブル,155
"No.156
エレンボーゲン２０２１
牡　3月9日生　鹿毛
父：マクフィ
母：エレンボーゲン
母父：ブラックタイド
㈲へいはた牧場",7/26（火）,156,エレンボーゲン２０２１,牡,鹿,3月9日,マクフィ,エレンボーゲン,ブラックタイド,㈲へいはた牧場,ＹＴＴパートナーシップ,156
"No.157
ラフェクレール２０２１
牡　3月21日生　栗毛
父：ニューイヤーズデイ
母：ラフェクレール
母父：スペシャルウィーク
㈲グッドラック・ファーム",7/26（火）,157,ラフェクレール２０２１,牡,栗,3月21日,ニューイヤーズデイ,ラフェクレール,スペシャルウィーク,㈲グッドラック・ファーム,㈲日高軽種馬共同育成公社,157
"No.158
ヘイローフジ２０２１
牡　3月17日生　栗毛
父：ヘニーヒューズ
母：ヘイローフジ
母父：キングヘイロー
協和牧場",7/26（火）,158,ヘイローフジ２０２１,牡,栗,3月17日,ヘニーヒューズ,ヘイローフジ,キングヘイロー,協和牧場,協和牧場,158
"No.159
ヒシラガーディア２０２１
牡　3月18日生　青鹿毛
父：デクラレーションオブウォー
母：ヒシラガーディア
母父：マンハッタンカフェ
㈲カミイスタット",7/26（火）,159,ヒシラガーディア２０２１,牡,青鹿,3月18日,デクラレーションオブウォー,ヒシラガーディア,マンハッタンカフェ,㈲カミイスタット,カルペディエム　メイド（奥山牧場内）,159
"No.160
スカイトラベラー２０２１
牡　4月22日生　鹿毛
父：シニスターミニスター
母：スカイトラベラー
母父：ディープインパクト
㈲木下牧場",7/26（火）,160,スカイトラベラー２０２１,牡,鹿,4月22日,シニスターミニスター,スカイトラベラー,ディープインパクト,㈲木下牧場,㈲木下牧場,160
"No.161
マルヨパトリオット２０２１
牡　2月8日生　黒鹿毛
父：ドレフォン
母：マルヨパトリオット
母父：アルカセット
㈲前野牧場",7/27（水）,161,マルヨパトリオット２０２１,牡,黒鹿,2月8日,ドレフォン,マルヨパトリオット,アルカセット,㈲前野牧場,㈲前野牧場,1
"No.162
シティウェルズ２０２１
牡　2月16日生　鹿毛
父：カリフォルニアクローム
母：シティウェルズ
母父：City Zip
㈲岡田牧場",7/27（水）,162,シティウェルズ２０２１,牡,鹿,2月16日,カリフォルニアクローム,シティウェルズ,City Zip,㈲岡田牧場,㈲目名共同トレーニングセンター,2
"No.163
スワンレーク２０２１
♀　4月14日生　黒鹿毛
父：アルアイン
母：スワンレーク
母父：ロードカナロア
㈱前田ファーム",7/27（水）,163,スワンレーク２０２１,♀,黒鹿,4月14日,アルアイン,スワンレーク,ロードカナロア,㈱前田ファーム,㈱前田ファーム,3
"No.164
ジュエルインザサン２０２１
♀　4月14日生　鹿毛
父：リアルスティール
母：ジュエルインザサン
母父：ルーラーシップ
アシュビル㈱",7/27（水）,164,ジュエルインザサン２０２１,♀,鹿,4月14日,リアルスティール,ジュエルインザサン,ルーラーシップ,アシュビル㈱,㈲パイオニアファーム,4
"No.165
ローザミスティカ２０２１
牡　2月24日生　栗毛
父：デクラレーションオブウォー
母：ローザミスティカ
母父：アグネスタキオン
㈲矢野牧場",7/27（水）,165,ローザミスティカ２０２１,牡,栗,2月24日,デクラレーションオブウォー,ローザミスティカ,アグネスタキオン,㈲矢野牧場,㈲矢野牧場,5
"No.166
モクレン２０２１
♀　2月2日生　栗毛
父：ダイワメジャー
母：モクレン
母父：Galileo
追分ファーム",7/27（水）,166,モクレン２０２１,♀,栗,2月2日,ダイワメジャー,モクレン,Galileo,追分ファーム,白老ファームＹｅａｒｌｉｎｇ,6
"No.167
ダリナー２０２１
牡　5月15日生　鹿毛
父：Saxon Warrior
母：ダリナー
母父：Shamardal
㈲谷川牧場",7/27（水）,167,ダリナー２０２１,牡,鹿,5月15日,Saxon Warrior,ダリナー,Shamardal,㈲谷川牧場,㈲谷川牧場,7
"No.168
アグネスダリム２０２１
♀　2月15日生　栗毛
父：ヘニーヒューズ
母：アグネスダリム
母父：ゴールドアリュール
㈲富田牧場",7/27（水）,168,アグネスダリム２０２１,♀,栗,2月15日,ヘニーヒューズ,アグネスダリム,ゴールドアリュール,㈲富田牧場,富田ステーブル,8
"No.169
スマッシュハート２０２１
牡　5月21日生　鹿毛
父：ブリックスアンドモルタル
母：スマッシュハート
母父：キングカメハメハ
㈲酒井牧場",7/27（水）,169,スマッシュハート２０２１,牡,鹿,5月21日,ブリックスアンドモルタル,スマッシュハート,キングカメハメハ,㈲酒井牧場,㈲酒井牧場,9
"No.170
ルージュクール２０２１
牡　2月14日生　青鹿毛
父：サトノクラウン
母：ルージュクール
母父：Redoute's Choice
富沢萩沢俊雄牧場",7/27（水）,170,ルージュクール２０２１,牡,青鹿,2月14日,サトノクラウン,ルージュクール,Redoute's Choice,富沢萩沢俊雄牧場,本桐共同育成センター,10
"No.171
インザスポットライト２０２１
♀　1月14日生　黒鹿毛
父：キズナ
母：インザスポットライト
母父：Exceed And Excel
㈱レイクヴィラファーム",7/27（水）,171,インザスポットライト２０２１,♀,黒鹿,1月14日,キズナ,インザスポットライト,Exceed And Excel,㈱レイクヴィラファーム,㈱レイクヴィラファーム,11
"No.172
サトノラミア２０２１
♀　4月6日生　鹿毛
父：リオンディーズ
母：サトノラミア
母父：ブライアンズタイム
㈲千代田牧場",7/27（水）,172,サトノラミア２０２１,♀,鹿,4月6日,リオンディーズ,サトノラミア,ブライアンズタイム,㈲千代田牧場,㈲千代田牧場,12
"No.173
スーパーマダム２０２１
牡　3月16日生　鹿毛
父：アジアエクスプレス
母：スーパーマダム
母父：タニノギムレット
土井牧場",7/27（水）,173,スーパーマダム２０２１,牡,鹿,3月16日,アジアエクスプレス,スーパーマダム,タニノギムレット,土井牧場,㈲福山育成牧場,13
"No.174
カウニスクッカ２０２１
牡　3月6日生　栗毛
父：カリフォルニアクローム
母：カウニスクッカ
母父：マンハッタンカフェ
㈱オリオンファーム",7/27（水）,174,カウニスクッカ２０２１,牡,栗,3月6日,カリフォルニアクローム,カウニスクッカ,マンハッタンカフェ,㈱オリオンファーム,㈱オリオンファーム,14
"No.175
エヴィータアルゼンティーナ２０２１
牡　4月4日生　鹿毛
父：ドゥラメンテ
母：エヴィータアルゼンティーナ
母父：Candy Ride
下屋敷牧場",7/27（水）,175,エヴィータアルゼンティーナ２０２１,牡,鹿,4月4日,ドゥラメンテ,エヴィータアルゼンティーナ,Candy Ride,下屋敷牧場,Ｔｅａｍ　Ｕｎｉｔｙ,15
"No.176
レインボーラヴラヴ２０２１
牡　3月26日生　鹿毛
父：ミッキーアイル
母：レインボーラヴラヴ
母父：マイネルラヴ
㈲千葉飯田牧場",7/27（水）,176,レインボーラヴラヴ２０２１,牡,鹿,3月26日,ミッキーアイル,レインボーラヴラヴ,マイネルラヴ,㈲千葉飯田牧場,㈲パイオニアファーム,16
"No.177
チャチャタイム２０２１
牡　5月9日生　栗毛
父：Nyquist
母：チャチャタイム
母父：Gio Ponti
村上　欽哉",7/27（水）,177,チャチャタイム２０２１,牡,栗,5月9日,Nyquist,チャチャタイム,Gio Ponti,村上　欽哉,㈲チェスナットファーム,17
"No.178
ニシノコハク２０２１
牡　5月12日生　栗毛
父：モーニン
母：ニシノコハク
母父：ゴールドアリュール
津田牧場",7/27（水）,178,ニシノコハク２０２１,牡,栗,5月12日,モーニン,ニシノコハク,ゴールドアリュール,津田牧場,エイトステーブル,18
"No.179
サファーガ２０２１
牡　3月5日生　栗毛
父：サンダースノー
母：サファーガ
母父：アグネスタキオン
㈲藤沢牧場",7/27（水）,179,サファーガ２０２１,牡,栗,3月5日,サンダースノー,サファーガ,アグネスタキオン,㈲藤沢牧場,エバグリーンセールスコンサインメント,19
"No.180
チェルビム２０２１
牡　2月19日生　鹿毛
父：ルーラーシップ
母：チェルビム
母父：サンデーサイレンス
㈱奥山ファーム",7/27（水）,180,チェルビム２０２１,牡,鹿,2月19日,ルーラーシップ,チェルビム,サンデーサイレンス,㈱奥山ファーム,カルペディエム　メイド（奥山牧場内）,20
"No.181
ハーモニックソウル２０２１
♀　4月24日生　鹿毛
父：ブリックスアンドモルタル
母：ハーモニックソウル
母父：ハービンジャー
㈲猿倉牧場",7/27（水）,181,ハーモニックソウル２０２１,♀,鹿,4月24日,ブリックスアンドモルタル,ハーモニックソウル,ハービンジャー,㈲猿倉牧場,㈱木村育成牧場,21
"No.182
エリモエクレール２０２１
牡　3月10日生　青毛
父：シャンハイボビー
母：エリモエクレール
母父：アグネスタキオン
西村牧場",7/27（水）,182,エリモエクレール２０２１,牡,青,3月10日,シャンハイボビー,エリモエクレール,アグネスタキオン,西村牧場,ゴールドアップホースカンパニー（泊津分場）,22
"No.183
フォーシーム２０２１
牡　5月15日生　黒鹿毛
父：エピファネイア
母：フォーシーム
母父：ダイワメジャー
林　孝輝",7/27（水）,183,フォーシーム２０２１,牡,黒鹿,5月15日,エピファネイア,フォーシーム,ダイワメジャー,林　孝輝,㈲Ｎｏ．９ホーストレーニングメソド,23
"No.184
プレシャスジェムズ２０２１
♀　4月13日生　鹿毛
父：カリフォルニアクローム
母：プレシャスジェムズ
母父：シンボリクリスエス
㈲矢野牧場",7/27（水）,184,プレシャスジェムズ２０２１,♀,鹿,4月13日,カリフォルニアクローム,プレシャスジェムズ,シンボリクリスエス,㈲矢野牧場,㈲矢野牧場,24
"No.185
コーテサン２０２１
牡　4月6日生　鹿毛
父：キズナ
母：コーテサン
母父：ストリートセンス
㈲大島牧場",7/27（水）,185,コーテサン２０２１,牡,鹿,4月6日,キズナ,コーテサン,ストリートセンス,㈲大島牧場,ヒダカシーサイドファーム,25
"No.186
ウェントワース２０２１
牡　3月3日生　黒鹿毛
父：サトノクラウン
母：ウェントワース
母父：ストリートセンス
㈲ユートピア牧場",7/27（水）,186,ウェントワース２０２１,牡,黒鹿,3月3日,サトノクラウン,ウェントワース,ストリートセンス,㈲ユートピア牧場,㈲パイオニアファーム,26
"No.187
ハタノボニート２０２１
♀　3月23日生　鹿毛
父：アルアイン
母：ハタノボニート
母父：Bernardini
㈲三石軽種馬共同育成センター",7/27（水）,187,ハタノボニート２０２１,♀,鹿,3月23日,アルアイン,ハタノボニート,Bernardini,㈲三石軽種馬共同育成センター,㈲三石軽種馬共同育成センター,27
"No.188
キープオンゴーイン２０２１
牡　4月21日生　鹿毛
父：ヘニーヒューズ
母：キープオンゴーイン
母父：ディープインパクト
㈲千代田牧場",7/27（水）,188,キープオンゴーイン２０２１,牡,鹿,4月21日,ヘニーヒューズ,キープオンゴーイン,ディープインパクト,㈲千代田牧場,㈲千代田牧場,28
"No.189
ピエノフィオレ２０２１
♀　3月9日生　黒鹿毛
父：エピファネイア
母：ピエノフィオレ
母父：キングカメハメハ
㈲宮内牧場",7/27（水）,189,ピエノフィオレ２０２１,♀,黒鹿,3月9日,エピファネイア,ピエノフィオレ,キングカメハメハ,㈲宮内牧場,㈲ディスティニーファーム,29
"No.190
イントゥザストーム２０２１
牡　3月16日生　鹿毛
父：リオンディーズ
母：イントゥザストーム
母父：ディープインパクト
㈲グランド牧場",7/27（水）,190,イントゥザストーム２０２１,牡,鹿,3月16日,リオンディーズ,イントゥザストーム,ディープインパクト,㈲グランド牧場,㈲グランド牧場,30
"No.191
ハービンマオ２０２１
♀　2月7日生　栗毛
父：ニューイヤーズデイ
母：ハービンマオ
母父：ハービンジャー
㈲登別上水牧場",7/27（水）,191,ハービンマオ２０２１,♀,栗,2月7日,ニューイヤーズデイ,ハービンマオ,ハービンジャー,㈲登別上水牧場,エバグリーンセールスコンサインメント,31
"No.192
フロリアード２０２１
牡　2月16日生　芦毛
父：マジェスティックウォリアー
母：フロリアード
母父：クロフネ
静内フジカワ牧場",7/27（水）,192,フロリアード２０２１,牡,芦,2月16日,マジェスティックウォリアー,フロリアード,クロフネ,静内フジカワ牧場,㈱森本スティーブル,32
"No.193
ヤマノラヴ２０２１
♀　2月2日生　黒鹿毛
父：キズナ
母：ヤマノラヴ
母父：アグネスデジタル
㈱チャンピオンズファーム",7/27（水）,193,ヤマノラヴ２０２１,♀,黒鹿,2月2日,キズナ,ヤマノラヴ,アグネスデジタル,㈱チャンピオンズファーム,㈱チャンピオンズファーム,33
"No.194
フィールフリーリー２０２１
♀　2月20日生　黒鹿毛
父：ブリックスアンドモルタル
母：フィールフリーリー
母父：アグネスタキオン
㈱白井牧場",7/27（水）,194,フィールフリーリー２０２１,♀,黒鹿,2月20日,ブリックスアンドモルタル,フィールフリーリー,アグネスタキオン,㈱白井牧場,㈱白井牧場,34
"No.195
プロミネント２０２１
♀　3月16日生　鹿毛
父：イスラボニータ
母：プロミネント
母父：タイキシャトル
㈲服部牧場",7/27（水）,195,プロミネント２０２１,♀,鹿,3月16日,イスラボニータ,プロミネント,タイキシャトル,㈲服部牧場,㈲服部牧場,35
"No.196
トウカイフィーバー２０２１
♀　3月11日生　鹿毛
父：デクラレーションオブウォー
母：トウカイフィーバー
母父：エンパイアメーカー
㈲二風谷ファーム",7/27（水）,196,トウカイフィーバー２０２１,♀,鹿,3月11日,デクラレーションオブウォー,トウカイフィーバー,エンパイアメーカー,㈲二風谷ファーム,二風谷軽種馬共同育成センター,36
"No.197
スイートサルサ２０２１
♀　2月8日生　黒鹿毛
父：ロードカナロア
母：スイートサルサ
母父：デュランダル
シンボリ牧場",7/27（水）,197,スイートサルサ２０２１,♀,黒鹿,2月8日,ロードカナロア,スイートサルサ,デュランダル,シンボリ牧場,シンボリ牧場,37
"No.198
ハートフル２０２１
牡　5月10日生　黒鹿毛
父：マクフィ
母：ハートフル
母父：Shamardal
㈲三石川上牧場",7/27（水）,198,ハートフル２０２１,牡,黒鹿,5月10日,マクフィ,ハートフル,Shamardal,㈲三石川上牧場,㈱ペガサスファーム,38
"No.199
ボナマティーナ２０２１
♀　3月10日生　鹿毛
父：キズナ
母：ボナマティーナ
母父：キングズベスト
㈱松浦牧場",7/27（水）,199,ボナマティーナ２０２１,♀,鹿,3月10日,キズナ,ボナマティーナ,キングズベスト,㈱松浦牧場,㈲チェスナットファーム,39
"No.200
ジャジャマーチャン２０２１
♀　3月22日生　黒鹿毛
父：カリフォルニアクローム
母：ジャジャマーチャン
母父：アドマイヤコジーン
㈲嶋田牧場",7/27（水）,200,ジャジャマーチャン２０２１,♀,黒鹿,3月22日,カリフォルニアクローム,ジャジャマーチャン,アドマイヤコジーン,㈲嶋田牧場,セールスプレップサービス,40
"No.201
オールアイキャンセイイズワウ２０２１
牡　4月15日生　鹿毛
父：サトノアラジン
母：オールアイキャンセイイズワウ
母父：Street Cry
㈲パカパカファーム",7/27（水）,201,オールアイキャンセイイズワウ２０２１,牡,鹿,4月15日,サトノアラジン,オールアイキャンセイイズワウ,Street Cry,㈲パカパカファーム,㈲パカパカファーム（厚賀分場）,41
"No.202
パーティブロッサム２０２１
牡　3月29日生　鹿毛
父：ホッコータルマエ
母：パーティブロッサム
母父：キングヘイロー
㈲千代田牧場",7/27（水）,202,パーティブロッサム２０２１,牡,鹿,3月29日,ホッコータルマエ,パーティブロッサム,キングヘイロー,㈲千代田牧場,㈲千代田牧場,42
"No.203
レッドアンコール２０２１
牡　3月14日生　栗毛
父：ヘニーヒューズ
母：レッドアンコール
母父：キングカメハメハ
森永　聡",7/27（水）,203,レッドアンコール２０２１,牡,栗,3月14日,ヘニーヒューズ,レッドアンコール,キングカメハメハ,森永　聡,㈲日高軽種馬共同育成公社,43
"No.204
レーヌミノル２０２１
牡　2月27日生　黒鹿毛
父：ブリックスアンドモルタル
母：レーヌミノル
母父：ダイワメジャー
㈲フジワラファーム",7/27（水）,204,レーヌミノル２０２１,牡,黒鹿,2月27日,ブリックスアンドモルタル,レーヌミノル,ダイワメジャー,㈲フジワラファーム,㈲フジワラファーム,44
"No.205
プレザントケイプ２０２１
牡　2月24日生　鹿毛
父：ロジャーバローズ
母：プレザントケイプ
母父：Cape Cross
㈲友田牧場",7/27（水）,205,プレザントケイプ２０２１,牡,鹿,2月24日,ロジャーバローズ,プレザントケイプ,Cape Cross,㈲友田牧場,エバグリーンセールスコンサインメント,45
"No.206
フィナリザール２０２１
牡　2月21日生　黒鹿毛
父：シルバーステート
母：フィナリザール
母父：Congrats
藤本ファーム",7/27（水）,206,フィナリザール２０２１,牡,黒鹿,2月21日,シルバーステート,フィナリザール,Congrats,藤本ファーム,㈲パイオニアファーム,46
"No.207
ピエールドリュヌ２０２１
牡　5月2日生　鹿毛
父：リアルスティール
母：ピエールドリュヌ
母父：キングカメハメハ
㈲高村牧場",7/27（水）,207,ピエールドリュヌ２０２１,牡,鹿,5月2日,リアルスティール,ピエールドリュヌ,キングカメハメハ,㈲高村牧場,㈲チェスナットファーム,47
"No.208
ブレイクダンサー２０２１
牡　2月3日生　鹿毛
父：ビッグアーサー
母：ブレイクダンサー
母父：ファルブラヴ
㈲高橋ファーム",7/27（水）,208,ブレイクダンサー２０２１,牡,鹿,2月3日,ビッグアーサー,ブレイクダンサー,ファルブラヴ,㈲高橋ファーム,㈲高橋ファーム,48
"No.209
タムロブライト２０２１
牡　3月28日生　鹿毛
父：オルフェーヴル
母：タムロブライト
母父：シルバーチャーム
㈱諏訪牧場",7/27（水）,209,タムロブライト２０２１,牡,鹿,3月28日,オルフェーヴル,タムロブライト,シルバーチャーム,㈱諏訪牧場,㈲三石軽種馬共同育成センター,49
"No.210
ダウンタウンブギ２０２１
牡　2月19日生　栗毛
父：ドレフォン
母：ダウンタウンブギ
母父：アサクサキングス
㈱クラウン",7/27（水）,210,ダウンタウンブギ２０２１,牡,栗,2月19日,ドレフォン,ダウンタウンブギ,アサクサキングス,㈱クラウン,㈱クラウン,50
"No.211
プレザントブリーズ２０２１
牡　3月5日生　栗毛
父：レイデオロ
母：プレザントブリーズ
母父：マンハッタンカフェ
㈲矢野牧場",7/27（水）,211,プレザントブリーズ２０２１,牡,栗,3月5日,レイデオロ,プレザントブリーズ,マンハッタンカフェ,㈲矢野牧場,㈲矢野牧場,51
"No.212
チャオプラヤ２０２１
牡　3月1日生　鹿毛
父：ルーラーシップ
母：チャオプラヤ
母父：ネオユニヴァース
㈲オリエント牧場",7/27（水）,212,チャオプラヤ２０２１,牡,鹿,3月1日,ルーラーシップ,チャオプラヤ,ネオユニヴァース,㈲オリエント牧場,オリエントファーム,52
"No.213
ランスタン２０２１
♀　1月21日生　鹿毛
父：ヘニーヒューズ
母：ランスタン
母父：ダイワメジャー
㈲天羽牧場",7/27（水）,213,ランスタン２０２１,♀,鹿,1月21日,ヘニーヒューズ,ランスタン,ダイワメジャー,㈲天羽牧場,㈲荻伏共同育成場,53
"No.214
アドマイヤヒナタ２０２１
牡　5月13日生　栗毛
父：デクラレーションオブウォー
母：アドマイヤヒナタ
母父：キングカメハメハ
㈲辻牧場",7/27（水）,214,アドマイヤヒナタ２０２１,牡,栗,5月13日,デクラレーションオブウォー,アドマイヤヒナタ,キングカメハメハ,㈲辻牧場,㈲辻牧場,54
"No.215
オモテナシⅡ２０２１
♀　5月9日生　黒鹿毛
父：エピファネイア
母：オモテナシⅡ
母父：Henrythenavigator
㈱チャンピオンズファーム",7/27（水）,215,オモテナシⅡ２０２１,♀,黒鹿,5月9日,エピファネイア,オモテナシⅡ,Henrythenavigator,㈱チャンピオンズファーム,㈱チャンピオンズファーム,55
"No.216
ドリームピーチ２０２１
牡　3月6日生　黒鹿毛
父：シルバーステート
母：ドリームピーチ
母父：タップダンスシチー
㈲大栄牧場",7/27（水）,216,ドリームピーチ２０２１,牡,黒鹿,3月6日,シルバーステート,ドリームピーチ,タップダンスシチー,㈲大栄牧場,㈱小国スティーブル,56
"No.217
キンショーユキヒメ２０２１
牡　1月17日生　青鹿毛
父：キズナ
母：キンショーユキヒメ
母父：メイショウサムソン
㈲佐藤牧場",7/27（水）,217,キンショーユキヒメ２０２１,牡,青鹿,1月17日,キズナ,キンショーユキヒメ,メイショウサムソン,㈲佐藤牧場,㈲日高軽種馬共同育成公社,57
"No.218
マルニ２０２１
牡　1月31日生　黒鹿毛
父：リオンディーズ
母：マルニ
母父：スクリーンヒーロー
戸川牧場",7/27（水）,218,マルニ２０２１,牡,黒鹿,1月31日,リオンディーズ,マルニ,スクリーンヒーロー,戸川牧場,㈱白井牧場,58
"No.219
コウエイラブリー２０２１
牡　3月12日生　鹿毛
父：スワーヴリチャード
母：コウエイラブリー
母父：エンパイアメーカー
佐竹　学",7/27（水）,219,コウエイラブリー２０２１,牡,鹿,3月12日,スワーヴリチャード,コウエイラブリー,エンパイアメーカー,佐竹　学,ハントバレートレーニングファーム,59
"No.220
エポカブラヴァ２０２１
牡　2月26日生　黒鹿毛
父：ニューイヤーズデイ
母：エポカブラヴァ
母父：Point Given
㈱ティーズファーム",7/27（水）,220,エポカブラヴァ２０２１,牡,黒鹿,2月26日,ニューイヤーズデイ,エポカブラヴァ,Point Given,㈱ティーズファーム,㈲谷川牧場,60
"No.221
キトゥンブルー２０２１
牡　3月9日生　黒鹿毛
父：ジャスタウェイ
母：キトゥンブルー
母父：ダンスインザダーク
㈲本間牧場",7/27（水）,221,キトゥンブルー２０２１,牡,黒鹿,3月9日,ジャスタウェイ,キトゥンブルー,ダンスインザダーク,㈲本間牧場,㈱ＮＹＳ,61
"No.222
カインドオブブルー２０２１
牡　3月30日生　黒鹿毛
父：バゴ
母：カインドオブブルー
母父：クロフネ
㈲アサヒ牧場",7/27（水）,222,カインドオブブルー２０２１,牡,黒鹿,3月30日,バゴ,カインドオブブルー,クロフネ,㈲アサヒ牧場,エバグリーンセールスコンサインメント,62
"No.223
エメライン２０２１
牡　3月11日生　鹿毛
父：ビッグアーサー
母：エメライン
母父：マンハッタンカフェ
㈲バンブー牧場",7/27（水）,223,エメライン２０２１,牡,鹿,3月11日,ビッグアーサー,エメライン,マンハッタンカフェ,㈲バンブー牧場,㈱愛知ステーブル,63
"No.224
サイレントソニック２０２１
♀　2月7日生　鹿毛
父：カリフォルニアクローム
母：サイレントソニック
母父：ディープインパクト
㈲桜井牧場",7/27（水）,224,サイレントソニック２０２１,♀,鹿,2月7日,カリフォルニアクローム,サイレントソニック,ディープインパクト,㈲桜井牧場,㈲パイオニアファーム,64
"No.225
バージニアキャット２０２１
牡　4月19日生　鹿毛
父：シルバーステート
母：バージニアキャット
母父：Bluegrass Cat
新井昭二牧場",7/27（水）,225,バージニアキャット２０２１,牡,鹿,4月19日,シルバーステート,バージニアキャット,Bluegrass Cat,新井昭二牧場,㈲チェスナットファーム,65
"No.226
ハロウィンデイズ２０２１
♀　4月19日生　鹿毛
父：エピファネイア
母：ハロウィンデイズ
母父：ディープインパクト
前川　勝春",7/27（水）,226,ハロウィンデイズ２０２１,♀,鹿,4月19日,エピファネイア,ハロウィンデイズ,ディープインパクト,前川　勝春,Ｔｅａｍ　Ｕｎｉｔｙ,66
"No.227
レガリニ２０２１
牡　2月23日生　鹿毛
父：ドレフォン
母：レガリニ
母父：ハードスパン
㈲畠山牧場",7/27（水）,227,レガリニ２０２１,牡,鹿,2月23日,ドレフォン,レガリニ,ハードスパン,㈲畠山牧場,㈲福山育成牧場,67
"No.228
ショウサンミーベル２０２１
♀　4月10日生　鹿毛
父：レイデオロ
母：ショウサンミーベル
母父：フジキセキ
モリナガファーム",7/27（水）,228,ショウサンミーベル２０２１,♀,鹿,4月10日,レイデオロ,ショウサンミーベル,フジキセキ,モリナガファーム,㈲日高軽種馬共同育成公社,68
"No.229
ビジャリカ２０２１
牡　2月14日生　鹿毛
父：サンダースノー
母：ビジャリカ
母父：ディープインパクト
㈱ハシモトファーム",7/27（水）,229,ビジャリカ２０２１,牡,鹿,2月14日,サンダースノー,ビジャリカ,ディープインパクト,㈱ハシモトファーム,㈱ハシモトファーム,69
"No.230
ジプシー２０２１
♀　4月10日生　栗毛
父：ドゥラメンテ
母：ジプシー
母父：Distorted Humor
㈲富田牧場",7/27（水）,230,ジプシー２０２１,♀,栗,4月10日,ドゥラメンテ,ジプシー,Distorted Humor,㈲富田牧場,㈱木村育成牧場,70
"No.231
アンソニカ２０２１
牡　2月13日生　鹿毛
父：リアルスティール
母：アンソニカ
母父：Purge
㈲市川牧場",7/27（水）,231,アンソニカ２０２１,牡,鹿,2月13日,リアルスティール,アンソニカ,Purge,㈲市川牧場,㈱門別牧場,71
"No.232
ハミングデイズ２０２１
♀　2月22日生　黒鹿毛
父：リオンディーズ
母：ハミングデイズ
母父：ブラックタイド
㈲千代田牧場",7/27（水）,232,ハミングデイズ２０２１,♀,黒鹿,2月22日,リオンディーズ,ハミングデイズ,ブラックタイド,㈲千代田牧場,㈲千代田牧場,72
"No.233
インヴィンシブルタッチ２０２１
牡　3月24日生　鹿毛
父：サトノダイヤモンド
母：インヴィンシブルタッチ
母父：Invincible Spirit
田中　裕之",7/27（水）,233,インヴィンシブルタッチ２０２１,牡,鹿,3月24日,サトノダイヤモンド,インヴィンシブルタッチ,Invincible Spirit,田中　裕之,㈱小国スティーブル,73
"No.234
メイグレイス２０２１
牡　3月23日生　栗毛
父：レイデオロ
母：メイグレイス
母父：ネオユニヴァース
厚賀古川牧場",7/27（水）,234,メイグレイス２０２１,牡,栗,3月23日,レイデオロ,メイグレイス,ネオユニヴァース,厚賀古川牧場,㈲パイオニアファーム,74
"No.235
シーズアウーマン２０２１
牡　2月17日生　栗毛
父：モーリス
母：シーズアウーマン
母父：ネオユニヴァース
㈲グランド牧場",7/27（水）,235,シーズアウーマン２０２１,牡,栗,2月17日,モーリス,シーズアウーマン,ネオユニヴァース,㈲グランド牧場,㈲グランド牧場,75
"No.236
バードオンアスク２０２１
牡　3月28日生　栗毛
父：カリフォルニアクローム
母：バードオンアスク
母父：マンハッタンカフェ
㈲藤原牧場",7/27（水）,236,バードオンアスク２０２１,牡,栗,3月28日,カリフォルニアクローム,バードオンアスク,マンハッタンカフェ,㈲藤原牧場,㈲藤原牧場,76
"No.237
シンボリバーグ２０２１
牡　2月23日生　栗毛
父：ドレフォン
母：シンボリバーグ
母父：ダイワメジャー
シンボリ牧場",7/27（水）,237,シンボリバーグ２０２１,牡,栗,2月23日,ドレフォン,シンボリバーグ,ダイワメジャー,シンボリ牧場,㈱門別牧場,77
"No.238
エフティアテナ２０２１
牡　3月8日生　鹿毛
父：マジェスティックウォリアー
母：エフティアテナ
母父：ルーラーシップ
㈲日の出牧場",7/27（水）,238,エフティアテナ２０２１,牡,鹿,3月8日,マジェスティックウォリアー,エフティアテナ,ルーラーシップ,㈲日の出牧場,㈲荻伏共同育成場,78
"No.239
アルマレイモミ２０２１
♀　3月5日生　栗毛
父：ヘニーヒューズ
母：アルマレイモミ
母父：Uncle Mo
㈲須崎牧場",7/27（水）,239,アルマレイモミ２０２１,♀,栗,3月5日,ヘニーヒューズ,アルマレイモミ,Uncle Mo,㈲須崎牧場,㈲須崎牧場,79
"No.240
モントボーゲン２０２１
牡　2月12日生　黒鹿毛
父：レイデオロ
母：モントボーゲン
母父：ゼンノロブロイ
㈱奥山ファーム",7/27（水）,240,モントボーゲン２０２１,牡,黒鹿,2月12日,レイデオロ,モントボーゲン,ゼンノロブロイ,㈱奥山ファーム,カルペディエム　メイド（奥山牧場内）,80
"No.241
スルージエアー２０２１
牡　2月22日生　栗毛
父：マインドユアビスケッツ
母：スルージエアー
母父：ダンスインザダーク
㈲木下牧場",7/27（水）,241,スルージエアー２０２１,牡,栗,2月22日,マインドユアビスケッツ,スルージエアー,ダンスインザダーク,㈲木下牧場,㈲チェスナットファーム,81
"No.242
ヤエノグラフ２０２１
♀　4月13日生　黒鹿毛
父：キズナ
母：ヤエノグラフ
母父：ロードカナロア
㈲二風谷ファーム",7/27（水）,242,ヤエノグラフ２０２１,♀,黒鹿,4月13日,キズナ,ヤエノグラフ,ロードカナロア,㈲二風谷ファーム,二風谷軽種馬共同育成センター,82
"No.243
ペブルガーデン２０２１
牡　2月27日生　黒鹿毛
父：アメリカンペイトリオット
母：ペブルガーデン
母父：ディープインパクト
㈱タイヘイ牧場",7/27（水）,243,ペブルガーデン２０２１,牡,黒鹿,2月27日,アメリカンペイトリオット,ペブルガーデン,ディープインパクト,㈱タイヘイ牧場,㈱タイヘイ牧場,83
"No.244
ヒシラストレディ２０２１
♀　4月23日生　青鹿毛
父：スクリーンヒーロー
母：ヒシラストレディ
母父：Posse
㈲カミイスタット",7/27（水）,244,ヒシラストレディ２０２１,♀,青鹿,4月23日,スクリーンヒーロー,ヒシラストレディ,Posse,㈲カミイスタット,㈲日高軽種馬共同育成公社,84
"No.245
ディープラヴ２０２１
♀　2月16日生　鹿毛
父：タリスマニック
母：ディープラヴ
母父：ディープインパクト
㈲畠山牧場",7/27（水）,245,ディープラヴ２０２１,♀,鹿,2月16日,タリスマニック,ディープラヴ,ディープインパクト,㈲畠山牧場,㈲福山育成牧場,85
"No.246
マルモリバニー２０２１
牡　4月10日生　黒鹿毛
父：シルバーステート
母：マルモリバニー
母父：ダンスインザダーク
㈲大柳ファーム",7/27（水）,246,マルモリバニー２０２１,牡,黒鹿,4月10日,シルバーステート,マルモリバニー,ダンスインザダーク,㈲大柳ファーム,㈱ＭＡＸトレーニングファーム,86
"No.247
セレスシャイン２０２１
牡　2月9日生　栗毛
父：コパノリッキー
母：セレスシャイン
母父：アグネスデジタル
中山　高鹿康",7/27（水）,247,セレスシャイン２０２１,牡,栗,2月9日,コパノリッキー,セレスシャイン,アグネスデジタル,中山　高鹿康,㈱吉永ファーム,87
"No.248
エバープリンセス２０２１
牡　3月11日生　鹿毛
父：リオンディーズ
母：エバープリンセス
母父：ハービンジャー
㈱ホース・マネジメント・ボス",7/27（水）,248,エバープリンセス２０２１,牡,鹿,3月11日,リオンディーズ,エバープリンセス,ハービンジャー,㈱ホース・マネジメント・ボス,㈱ホース・マネジメント・ボス,88
"No.249
フィールグリュック２０２１
牡　4月27日生　鹿毛
父：ドゥラメンテ
母：フィールグリュック
母父：ストラヴィンスキー
中田　英樹",7/27（水）,249,フィールグリュック２０２１,牡,鹿,4月27日,ドゥラメンテ,フィールグリュック,ストラヴィンスキー,中田　英樹,エバグリーンセールスコンサインメント,89
"No.250
マンドゥラ２０２１
♀　3月7日生　黒鹿毛
父：キタサンブラック
母：マンドゥラ
母父：Danehill Dancer
㈲碧雲牧場",7/27（水）,250,マンドゥラ２０２１,♀,黒鹿,3月7日,キタサンブラック,マンドゥラ,Danehill Dancer,㈲碧雲牧場,㈲碧雲牧場,90
"No.251
グランクリューピサ２０２１
牡　3月13日生　鹿毛
父：シルバーステート
母：グランクリューピサ
母父：ヴィクトワールピサ
㈱門別牧場",7/27（水）,251,グランクリューピサ２０２１,牡,鹿,3月13日,シルバーステート,グランクリューピサ,ヴィクトワールピサ,㈱門別牧場,㈱門別牧場,91
"No.252
アラマサスナイパー２０２１
牡　4月12日生　鹿毛
父：デクラレーションオブウォー
母：アラマサスナイパー
母父：ステイゴールド
㈲アラキファーム",7/27（水）,252,アラマサスナイパー２０２１,牡,鹿,4月12日,デクラレーションオブウォー,アラマサスナイパー,ステイゴールド,㈲アラキファーム,㈲チェスナットファーム,92
"No.253
スマートルビー２０２１
牡　2月13日生　鹿毛
父：ルーラーシップ
母：スマートルビー
母父：ゼンノロブロイ
㈲杵臼牧場",7/27（水）,253,スマートルビー２０２１,牡,鹿,2月13日,ルーラーシップ,スマートルビー,ゼンノロブロイ,㈲杵臼牧場,アーカムパートナーファーム,93
"No.254
アントワープ２０２１
牡　3月15日生　鹿毛
父：キズナ
母：アントワープ
母父：キングカメハメハ
㈲上水牧場",7/27（水）,254,アントワープ２０２１,牡,鹿,3月15日,キズナ,アントワープ,キングカメハメハ,㈲上水牧場,㈲パイオニアファーム,94
"No.255
ナリタブルースター２０２１
牡　5月15日生　青鹿毛
父：モーリス
母：ナリタブルースター
母父：マンハッタンカフェ
㈱タガミファーム",7/27（水）,255,ナリタブルースター２０２１,牡,青鹿,5月15日,モーリス,ナリタブルースター,マンハッタンカフェ,㈱タガミファーム,ハントバレートレーニングファーム,95
"No.256
ベルシルエット２０２１
牡　3月14日生　栗毛
父：カリフォルニアクローム
母：ベルシルエット
母父：ディープインパクト
今牧場",7/27（水）,256,ベルシルエット２０２１,牡,栗,3月14日,カリフォルニアクローム,ベルシルエット,ディープインパクト,今牧場,カルペディエム　メイド（奥山牧場内）,96
"No.257
モアナブリーズ２０２１
牡　3月27日生　鹿毛
父：アルアイン
母：モアナブリーズ
母父：キングカメハメハ
㈲矢野牧場",7/27（水）,257,モアナブリーズ２０２１,牡,鹿,3月27日,アルアイン,モアナブリーズ,キングカメハメハ,㈲矢野牧場,㈲矢野牧場,97
"No.258
ラバーズケープ２０２１
♀　2月10日生　鹿毛
父：ドレフォン
母：ラバーズケープ
母父：ダイワメジャー
木村牧場㈲",7/27（水）,258,ラバーズケープ２０２１,♀,鹿,2月10日,ドレフォン,ラバーズケープ,ダイワメジャー,木村牧場㈲,木村牧場㈲,98
"No.259
ウエバフラッシュ２０２１
牡　5月12日生　栗毛
父：マジェスティックウォリアー
母：ウエバフラッシュ
母父：ダイワメジャー
㈲様似共栄牧場",7/27（水）,259,ウエバフラッシュ２０２１,牡,栗,5月12日,マジェスティックウォリアー,ウエバフラッシュ,ダイワメジャー,㈲様似共栄牧場,㈲辻牧場,99
"No.260
ラタンペットロゼ２０２１
牡　2月26日生　黒鹿毛
父：デクラレーションオブウォー
母：ラタンペットロゼ
母父：ストーミングホーム
㈲岡田牧場",7/27（水）,260,ラタンペットロゼ２０２１,牡,黒鹿,2月26日,デクラレーションオブウォー,ラタンペットロゼ,ストーミングホーム,㈲岡田牧場,㈲目名共同トレーニングセンター,100
"No.261
ヤヤラーラ２０２１
牡　3月7日生　鹿毛
父：ヘニーヒューズ
母：ヤヤラーラ
母父：ゼンノロブロイ
㈱田端牧場",7/27（水）,261,ヤヤラーラ２０２１,牡,鹿,3月7日,ヘニーヒューズ,ヤヤラーラ,ゼンノロブロイ,㈱田端牧場,㈱田端牧場,101
"No.262
ローザレーヌ２０２１
牡　3月30日生　黒鹿毛
父：ホッコータルマエ
母：ローザレーヌ
母父：マンハッタンカフェ
西村牧場",7/27（水）,262,ローザレーヌ２０２１,牡,黒鹿,3月30日,ホッコータルマエ,ローザレーヌ,マンハッタンカフェ,西村牧場,ゴールドアップホースカンパニー（泊津分場）,102
"No.263
トーセンバスケット２０２１
牡　5月8日生　鹿毛
父：リアルスティール
母：トーセンバスケット
母父：ブライアンズタイム
沖田　博志",7/27（水）,263,トーセンバスケット２０２１,牡,鹿,5月8日,リアルスティール,トーセンバスケット,ブライアンズタイム,沖田　博志,本桐共同育成センター,103
"No.264
キャリーウェーブ２０２１
♀　5月13日生　鹿毛
父：ドレフォン
母：キャリーウェーブ
母父：アグネスタキオン
㈲片山牧場",7/27（水）,264,キャリーウェーブ２０２１,♀,鹿,5月13日,ドレフォン,キャリーウェーブ,アグネスタキオン,㈲片山牧場,㈲チェスナットファーム,104
"No.265
ミッドタウンレディ２０２１
♀　2月16日生　鹿毛
父：ハービンジャー
母：ミッドタウンレディ
母父：ゼンノロブロイ
追分ファーム",7/27（水）,265,ミッドタウンレディ２０２１,♀,鹿,2月16日,ハービンジャー,ミッドタウンレディ,ゼンノロブロイ,追分ファーム,白老ファームＹｅａｒｌｉｎｇ,105
"No.266
シャイニンオーラ２０２１
牡　5月8日生　栗毛
父：エピファネイア
母：シャイニンオーラ
母父：キングカメハメハ
下屋敷牧場",7/27（水）,266,シャイニンオーラ２０２１,牡,栗,5月8日,エピファネイア,シャイニンオーラ,キングカメハメハ,下屋敷牧場,Ｔｅａｍ　Ｕｎｉｔｙ,106
"No.267
ターコイズ２０２１
♀　2月19日生　黒鹿毛
父：パイロ
母：ターコイズ
母父：ハードスパン
トド岩高原銀河農場物語㈱",7/27（水）,267,ターコイズ２０２１,♀,黒鹿,2月19日,パイロ,ターコイズ,ハードスパン,トド岩高原銀河農場物語㈱,㈲日高軽種馬共同育成公社,107
"No.268
マイユクール２０２１
牡　4月23日生　鹿毛
父：キズナ
母：マイユクール
母父：バゴ
㈲日進牧場",7/27（水）,268,マイユクール２０２１,牡,鹿,4月23日,キズナ,マイユクール,バゴ,㈲日進牧場,㈲日進牧場,108
"No.269
アズレージョ２０２１
牡　2月3日生　鹿毛
父：ルーラーシップ
母：アズレージョ
母父：タートルボウル
㈲グッドラック・ファーム",7/27（水）,269,アズレージョ２０２１,牡,鹿,2月3日,ルーラーシップ,アズレージョ,タートルボウル,㈲グッドラック・ファーム,㈱門別牧場,109
"No.270
プレノタート２０２１
♀　3月10日生　鹿毛
父：キンシャサノキセキ
母：プレノタート
母父：ジャングルポケット
㈲松田牧場",7/27（水）,270,プレノタート２０２１,♀,鹿,3月10日,キンシャサノキセキ,プレノタート,ジャングルポケット,㈲松田牧場,㈱愛知ステーブル,110
"No.271
ホウホウ２０２１
牡　2月21日生　鹿毛
父：ドレフォン
母：ホウホウ
母父：Dylan Thomas
㈲谷川牧場",7/27（水）,271,ホウホウ２０２１,牡,鹿,2月21日,ドレフォン,ホウホウ,Dylan Thomas,㈲谷川牧場,㈲谷川牧場,111
"No.272
フロイラインシチー２０２１
牡　2月26日生　鹿毛
父：シニスターミニスター
母：フロイラインシチー
母父：フレンチデピュティ
㈲飛野牧場",7/27（水）,272,フロイラインシチー２０２１,牡,鹿,2月26日,シニスターミニスター,フロイラインシチー,フレンチデピュティ,㈲飛野牧場,カルペディエム　メイド（奥山牧場内）,112
"No.273
ディリジェンテ２０２１
♀　3月17日生　栗毛
父：ヘニーヒューズ
母：ディリジェンテ
母父：ステイゴールド
㈲ムラカミファーム",7/27（水）,273,ディリジェンテ２０２１,♀,栗,3月17日,ヘニーヒューズ,ディリジェンテ,ステイゴールド,㈲ムラカミファーム,山岸ステーブル,113
"No.274
ブロッサムレーン２０２１
牡　4月7日生　栗毛
父：ニューイヤーズデイ
母：ブロッサムレーン
母父：New Approach
㈱クラウン",7/27（水）,274,ブロッサムレーン２０２１,牡,栗,4月7日,ニューイヤーズデイ,ブロッサムレーン,New Approach,㈱クラウン,㈱クラウン,114
"No.275
アブソルートリー２０２１
♀　4月8日生　鹿毛
父：スワーヴリチャード
母：アブソルートリー
母父：Redoute's Choice
㈱ＭＫアセット",7/27（水）,275,アブソルートリー２０２１,♀,鹿,4月8日,スワーヴリチャード,アブソルートリー,Redoute's Choice,㈱ＭＫアセット,エバグリーンセールスコンサインメント,115
"No.276
パクスアジアーナ２０２１
牡　2月26日生　黒鹿毛
父：キタサンブラック
母：パクスアジアーナ
母父：ノヴェリスト
㈲天羽牧場",7/27（水）,276,パクスアジアーナ２０２１,牡,黒鹿,2月26日,キタサンブラック,パクスアジアーナ,ノヴェリスト,㈲天羽牧場,㈲荻伏共同育成場,116
"No.277
イオス２０２１
♀　3月10日生　鹿毛
父：ルーラーシップ
母：イオス
母父：バゴ
㈲新冠橋本牧場",7/27（水）,277,イオス２０２１,♀,鹿,3月10日,ルーラーシップ,イオス,バゴ,㈲新冠橋本牧場,㈲新冠橋本牧場,117
"No.278
カーヴィシャス２０２１
♀　3月6日生　鹿毛
父：リオンディーズ
母：カーヴィシャス
母父：シンボリクリスエス
㈲上水牧場",7/27（水）,278,カーヴィシャス２０２１,♀,鹿,3月6日,リオンディーズ,カーヴィシャス,シンボリクリスエス,㈲上水牧場,㈲パイオニアファーム,118
"No.279
ネオフェリーク２０２１
牡　5月14日生　芦毛
父：シルバーステート
母：ネオフェリーク
母父：キングカメハメハ
㈲ヤマイチ牧場",7/27（水）,279,ネオフェリーク２０２１,牡,芦,5月14日,シルバーステート,ネオフェリーク,キングカメハメハ,㈲ヤマイチ牧場,クラックステーブル,119
"No.280
ジュモートリステ２０２１
♀　3月26日生　栗毛
父：ヘニーヒューズ
母：ジュモートリステ
母父：ハービンジャー
㈲矢野牧場",7/27（水）,280,ジュモートリステ２０２１,♀,栗,3月26日,ヘニーヒューズ,ジュモートリステ,ハービンジャー,㈲矢野牧場,㈲矢野牧場,120
"No.281
ベストフューチャー２０２１
牡　4月27日生　鹿毛
父：カリフォルニアクローム
母：ベストフューチャー
母父：ロージズインメイ
㈲佐藤牧場",7/27（水）,281,ベストフューチャー２０２１,牡,鹿,4月27日,カリフォルニアクローム,ベストフューチャー,ロージズインメイ,㈲佐藤牧場,㈲日高軽種馬共同育成公社,121
"No.282
ムーンエクスプレス２０２１
牡　4月20日生　鹿毛
父：サンダースノー
母：ムーンエクスプレス
母父：アドマイヤムーン
坂牧場",7/27（水）,282,ムーンエクスプレス２０２１,牡,鹿,4月20日,サンダースノー,ムーンエクスプレス,アドマイヤムーン,坂牧場,三橋ステーブル,122
"No.283
ウィンクルム２０２１
牡　3月5日生　芦毛
父：ドレフォン
母：ウィンクルム
母父：キズナ
㈲服部牧場",7/27（水）,283,ウィンクルム２０２１,牡,芦,3月5日,ドレフォン,ウィンクルム,キズナ,㈲服部牧場,㈲服部牧場,123
"No.284
ギャラクシーハニー２０２１
♀　2月6日生　鹿毛
父：リアルスティール
母：ギャラクシーハニー
母父：スクリーンヒーロー
オカモトファーム",7/27（水）,284,ギャラクシーハニー２０２１,♀,鹿,2月6日,リアルスティール,ギャラクシーハニー,スクリーンヒーロー,オカモトファーム,オカモトファーム,124
"No.285
カニョット２０２１
牡　4月2日生　栗毛
父：シュヴァルグラン
母：カニョット
母父：Sunray Spirit
（同）カケハムポニークラブ",7/27（水）,285,カニョット２０２１,牡,栗,4月2日,シュヴァルグラン,カニョット,Sunray Spirit,（同）カケハムポニークラブ,㈲チェスナットファーム,125
"No.286
クナウ２０２１
♀　1月29日生　鹿毛
父：デクラレーションオブウォー
母：クナウ
母父：シンボリクリスエス
㈲北島牧場",7/27（水）,286,クナウ２０２１,♀,鹿,1月29日,デクラレーションオブウォー,クナウ,シンボリクリスエス,㈲北島牧場,㈲北島牧場,126
"No.287
スカイノーヴァ２０２１
牡　5月1日生　栗毛
父：アニマルキングダム
母：スカイノーヴァ
母父：ステイゴールド
㈱ウエスタンファーム",7/27（水）,287,スカイノーヴァ２０２１,牡,栗,5月1日,アニマルキングダム,スカイノーヴァ,ステイゴールド,㈱ウエスタンファーム,㈱ウエスタンファーム,127
"No.288
ゴッドビラブドミー２０２１
牡　5月22日生　栗毛
父：アジアエクスプレス
母：ゴッドビラブドミー
母父：ブライアンズタイム
㈱加藤ステーブル",7/27（水）,288,ゴッドビラブドミー２０２１,牡,栗,5月22日,アジアエクスプレス,ゴッドビラブドミー,ブライアンズタイム,㈱加藤ステーブル,㈱ケイズ,128
"No.289
アモーレエテルノ２０２１
牡　3月10日生　鹿毛
父：パイロ
母：アモーレエテルノ
母父：ゼンノロブロイ
㈱ハシモトファーム",7/27（水）,289,アモーレエテルノ２０２１,牡,鹿,3月10日,パイロ,アモーレエテルノ,ゼンノロブロイ,㈱ハシモトファーム,㈱ハシモトファーム,129
"No.290
クリムゾンブーケ２０２１
♀　3月10日生　黒鹿毛
父：リオンディーズ
母：クリムゾンブーケ
母父：クロフネ
田中　裕之",7/27（水）,290,クリムゾンブーケ２０２１,♀,黒鹿,3月10日,リオンディーズ,クリムゾンブーケ,クロフネ,田中　裕之,エバグリーンセールスコンサインメント,130
"No.291
パープル２０２１
牡　3月13日生　栗毛
父：カリフォルニアクローム
母：パープル
母父：Galileo
㈲カナイシスタッド",7/27（水）,291,パープル２０２１,牡,栗,3月13日,カリフォルニアクローム,パープル,Galileo,㈲カナイシスタッド,㈲カナイシスタッド,131
"No.292
メモリーレーン２０２１
♀　2月1日生　鹿毛
父：ニューイヤーズデイ
母：メモリーレーン
母父：ダイワメジャー
㈱ＶＩＣＴＯＲＹ",7/27（水）,292,メモリーレーン２０２１,♀,鹿,2月1日,ニューイヤーズデイ,メモリーレーン,ダイワメジャー,㈱ＶＩＣＴＯＲＹ,㈲天羽禮治牧場,132
"No.293
キンゲショウ２０２１
牡　2月2日生　栗毛
父：エスポワールシチー
母：キンゲショウ
母父：ハードスパン
㈲グランド牧場",7/27（水）,293,キンゲショウ２０２１,牡,栗,2月2日,エスポワールシチー,キンゲショウ,ハードスパン,㈲グランド牧場,㈲グランド牧場,133
"No.294
ザデイ２０２１
♀　3月24日生　黒鹿毛
父：オルフェーヴル
母：ザデイ
母父：シンボリクリスエス
㈱ハクレイファーム",7/27（水）,294,ザデイ２０２１,♀,黒鹿,3月24日,オルフェーヴル,ザデイ,シンボリクリスエス,㈱ハクレイファーム,㈱ハクレイファーム,134
"No.295
ハートビートワルツ２０２１
♀　2月9日生　鹿毛
父：リアルスティール
母：ハートビートワルツ
母父：ブライアンズタイム
藤本ファーム",7/27（水）,295,ハートビートワルツ２０２１,♀,鹿,2月9日,リアルスティール,ハートビートワルツ,ブライアンズタイム,藤本ファーム,㈲パイオニアファーム,135
"No.296
フロリール２０２１
牡　2月22日生　栗毛
父：アジアエクスプレス
母：フロリール
母父：クロフネ
㈲千代田牧場",7/27（水）,296,フロリール２０２１,牡,栗,2月22日,アジアエクスプレス,フロリール,クロフネ,㈲千代田牧場,㈲千代田牧場,136
"No.297
イリデ２０２１
牡　2月24日生　鹿毛
父：スワーヴリチャード
母：イリデ
母父：Indian Charlie
藤田　孟司",7/27（水）,297,イリデ２０２１,牡,鹿,2月24日,スワーヴリチャード,イリデ,Indian Charlie,藤田　孟司,㈲日高軽種馬共同育成公社,137
"No.298
スヴァラッシー２０２１
牡　3月20日生　鹿毛
父：ファインニードル
母：スヴァラッシー
母父：ディープインパクト
折手牧場",7/27（水）,298,スヴァラッシー２０２１,牡,鹿,3月20日,ファインニードル,スヴァラッシー,ディープインパクト,折手牧場,Ｔｅａｍ　Ｕｎｉｔｙ,138
"No.299
クロワラモー２０２１
牡　3月17日生　鹿毛
父：ヘニーヒューズ
母：クロワラモー
母父：スペシャルウィーク
㈲村田牧場",7/27（水）,299,クロワラモー２０２１,牡,鹿,3月17日,ヘニーヒューズ,クロワラモー,スペシャルウィーク,㈲村田牧場,㈲村田牧場,139
"No.300
ストリートキャッシュ２０２１
牡　4月7日生　鹿毛
父：Ghostzapper
母：ストリートキャッシュ
母父：Street Boss
㈲浜本牧場",7/27（水）,300,ストリートキャッシュ２０２１,牡,鹿,4月7日,Ghostzapper,ストリートキャッシュ,Street Boss,㈲浜本牧場,カルペディエム　メイド（奥山牧場内）,140
"No.301
チュウオーサーヤ２０２１
牡　3月20日生　鹿毛
父：サトノダイヤモンド
母：チュウオーサーヤ
母父：ディアブロ
㈲中央牧場",7/27（水）,301,チュウオーサーヤ２０２１,牡,鹿,3月20日,サトノダイヤモンド,チュウオーサーヤ,ディアブロ,㈲中央牧場,クラックステーブル,141
"No.302
ママアルパ２０２１
♀　5月11日生　黒鹿毛
父：リオンディーズ
母：ママアルパ
母父：タニノギムレット
㈱タガミファーム",7/27（水）,302,ママアルパ２０２１,♀,黒鹿,5月11日,リオンディーズ,ママアルパ,タニノギムレット,㈱タガミファーム,ハントバレートレーニングファーム,142
"No.303
フォルクスオーパー２０２１
♀　4月17日生　黒鹿毛
父：キンシャサノキセキ
母：フォルクスオーパー
母父：テイエムオペラオー
㈲宮内牧場",7/27（水）,303,フォルクスオーパー２０２１,♀,黒鹿,4月17日,キンシャサノキセキ,フォルクスオーパー,テイエムオペラオー,㈲宮内牧場,㈲ディスティニーファーム,143
"No.304
アイアンヒロイン２０２１
牡　3月23日生　黒鹿毛
父：キズナ
母：アイアンヒロイン
母父：Congrats
高松牧場",7/27（水）,304,アイアンヒロイン２０２１,牡,黒鹿,3月23日,キズナ,アイアンヒロイン,Congrats,高松牧場,㈱ＭＡＸトレーニングファーム,144
"No.305
マチュアード２０２１
♀　4月18日生　鹿毛
父：キタサンブラック
母：マチュアード
母父：Manduro
㈲矢野牧場",7/27（水）,305,マチュアード２０２１,♀,鹿,4月18日,キタサンブラック,マチュアード,Manduro,㈲矢野牧場,㈲矢野牧場,145
"No.306
スイートハート２０２１
♀　3月11日生　鹿毛
父：サンダースノー
母：スイートハート
母父：ワークフォース
鎌田　正嗣",7/27（水）,306,スイートハート２０２１,♀,鹿,3月11日,サンダースノー,スイートハート,ワークフォース,鎌田　正嗣,㈲チェスナットファーム,146
"No.307
ハマナス２０２１
牡　3月27日生　黒鹿毛
父：マジェスティックウォリアー
母：ハマナス
母父：キングカメハメハ
㈲オリエント牧場",7/27（水）,307,ハマナス２０２１,牡,黒鹿,3月27日,マジェスティックウォリアー,ハマナス,キングカメハメハ,㈲オリエント牧場,オリエントファーム,147
"No.308
リマンドインパクト２０２１
牡　4月13日生　黒鹿毛
父：カリフォルニアクローム
母：リマンドインパクト
母父：ディープインパクト
㈲高昭牧場",7/27（水）,308,リマンドインパクト２０２１,牡,黒鹿,4月13日,カリフォルニアクローム,リマンドインパクト,ディープインパクト,㈲高昭牧場,㈲荻伏共同育成場,148
"No.309
マーゼリン２０２１
牡　3月21日生　鹿毛
父：エピファネイア
母：マーゼリン
母父：Barathea
平井　克彦",7/27（水）,309,マーゼリン２０２１,牡,鹿,3月21日,エピファネイア,マーゼリン,Barathea,平井　克彦,㈱門別牧場,149
"No.310
イナズマアマリリス２０２１
牡　3月6日生　鹿毛
父：ヘニーヒューズ
母：イナズマアマリリス
母父：スエヒロコマンダー
㈲小泉牧場",7/27（水）,310,イナズマアマリリス２０２１,牡,鹿,3月6日,ヘニーヒューズ,イナズマアマリリス,スエヒロコマンダー,㈲小泉牧場,㈱山﨑ＳＴＡＢＬＥ,150
"No.311
ピンクシャンパン２０２１
♀　2月11日生　鹿毛
父：デクラレーションオブウォー
母：ピンクシャンパン
母父：ディープインパクト
㈲富田牧場",7/27（水）,311,ピンクシャンパン２０２１,♀,鹿,2月11日,デクラレーションオブウォー,ピンクシャンパン,ディープインパクト,㈲富田牧場,㈱木村育成牧場,151